id,评论,打分,时间
17561924981,买的第二个了 第一个买的黑色的 这次买的是蓝色的 这个头盔质量非常不错 卖家也很好 发货速度也很快,5,2022-05-31 14:34:07
15413176621,电动车头盔男四季防晒防雨电瓶车头盔女士夏季哈雷头盔轻便式半覆式安全帽四季通用半盔防晒夏天 灰色黑茶中 均码不错的一款头盔，算得上一款物美廉价，做工不错，款式较为新颖的头盔，戴着较为舒服，灰色是我喜欢的色系。,5,2021-03-12 20:02:52
18614292176,东西很不错，灰色高端大气上档次。比买电动车送的那个好太多了，还会再来,5,2022-12-27 15:49:53
17559053564,头盔质量还挺好，比较厚实，内衬也比较舒适。磨砂的哑黑。还挺好看的。,5,2022-05-30 19:35:32
17552356335,这个价位的头盔可以说绝对良心商家，头盔外观漂亮大气，做工精细，还很贴心送了一些装饰，而且质量有认证，值得推荐！,5,2022-05-29 09:48:41
15688567856,这款安全帽子还可以的，在此之前在其他平台也买了，但是质量没有这个好，退掉了，又在京东上买的，这个价位的话相比同产品还是不错，现在不买头盔不行，查得紧。,5,2021-05-18 17:44:44
17603682690,刚刚收到货 第一时间打开  没有失望  性价比高得很  质量没的说  值得购买,5,2022-06-08 20:00:55
17582206112,头盔看着很结实，也很厚实，颜色也很喜欢，重量也合适,5,2022-06-04 16:58:42
18881336083,他俩质量蛮不错的，一下在两家店铺拍了，一对比，另外一个果断退过了，太差了虽然质量也便宜一些，确实质量差的有点多，镜片要去看透明，不喜欢，和客服沟通了。可以换货，不错的购物体验,5,2023-03-10 20:12:44
17553451374,非常好用，颜色漂亮，戴起来舒服，尤其是后面有反光板，灯光照射下可以被发现，起到反光警示作用，前挡风遮雨板非常方便拆卸，物美价廉，经济实惠，活动买的价格美丽，支持京东商城，支持国货精品店，谢谢!,5,2022-05-29 14:02:07
17584819178,头盔很漂亮，也很结实，非常好的一次购物，下次会回购的，赞??,5,2022-06-05 08:43:08
18767038323,非常满意的一次购物，头盔很好看，里面的一层保护棉非常紧贴，带上非常舒服，细节也特别到位，也很结实。,5,2023-02-09 18:06:32
15364106170,快递很快，一天就到了。头盔质量很不错物有所值。而且头盔背后很贴心的还有反光镜。晚上骑车方便多了。不错，5分好评。,5,2021-02-28 21:12:41
17565689361,头盔非常漂亮，颜色非常喜欢，大小很合适，戴上毫顶毫无压力，非常好，推荐给朋友来购买,5,2022-06-01 10:55:45
15581456273,质量很好，有反光标识！外观也非常好看！性价比高！服务也好,5,2021-04-20 15:06:37
18781452698,个人觉得很不错。外观内胆都挺好。便宜又好用。大小可调节。很满意的一次购物。出货也挺快。值得推荐。,5,2023-02-13 15:48:44
17559434343,这个人头盔一打开箱子就感受到商家对产品的严格把关，头盔颜值高先不说，里面的一层保护棉非常的紧贴，带上非常的好看更舒服，小细节上也非常到位，能松紧，还有透气孔，头盔也很结实，非常的棒。,5,2022-05-30 21:03:48
16279411118,发货速度很快，东西也可以，好评。,5,2021-09-10 08:35:45
18774510560,商品收到了，看着颜色非常喜欢，然后质量非常好，建议入手，很完美的商品。,5,2023-02-11 17:43:07
18775005899,今天刚收到货 快递也挺快 收到后迫不及待打开了 果然没有失望 确实挺不错 挺厚实的 质量应该过硬,5,2023-02-11 19:22:40
19004787324,不错，对比了其他的头盔，这家的质量价格上面性价比都很高。值得推荐。戴起来很舒服。,5,2023-04-09 09:22:15
18818051890,质量很好，颜色我也很喜欢，是我想要的，喜欢的抓紧下单吧,5,2023-02-22 21:26:18
17759975017,头盔还不错，正好618做活动价格还是蛮优惠的，因为头盔的型号不同，所以不大懂，问商家的时候，商家非常耐心的解答。商家商家的服务态度非常好，遇到事情不逃避直接帮顾客解决最近服务非常好，物流的送货，速度非常非常的快，后续如果有需求还会联系光顾。,5,2022-07-10 09:36:22
18380250706,镜片换成透明的，亮黑灰色，造型像越野单车头盔，这种是摩托车专用的，里面有棉片，现在这天气带着还可以，夏天可能会热。,5,2022-11-13 12:58:31
17859601966,非常满意的一次购物，京东物流很快，商品很好，穿戴很舒服，用过一段时间后才来评价，非常愉快的一次购物体验,5,2022-08-01 19:39:27
18075026516,这个头盔质量很好，戴着大小也合适，里面可调节大小，头盔很结实，戴起来也不觉得热，性价比很高，送给儿子他非常喜欢！,5,2022-09-17 16:00:35
18787764557,头盔收到了，戴上试了一下，大小合适，做工精细，值得购买。款式好看，不错哦。,5,2023-02-15 13:21:09
18927146819,用了一段时间才来评价的，质量的确不错，是半盔，有通过3C认证。,5,2023-03-21 23:01:59
18779549391,收到货了，质量还不错，外观也好看。带了两天了，比普通的带着会重一点。,5,2023-02-12 23:34:37
18760925357,好看，又时尚，出乎意料哦。为了安全，入手一波，漂亮的很,5,2023-02-07 20:48:23
19038982313,掌柜态度很专业热情，有问必答，回复也很快，我问了不少问题，他都不觉得烦，都会认真回答我，这点我向掌柜表示由衷的敬意，这样的好掌柜可不多。再说宝贝，正是我需要的，收到的时候包装完整，打开后让我惊喜的是，宝贝比我想象中的还要好！不得不得竖起大拇指发货很快，已经收到货了，商品和描述的差不多，质量没问题，关键价格也合适，在这里买还是很放心的，好评~,5,2023-04-20 15:18:15
17636189478,首先，颜值还是很棒的，太新了，车座底下放不下，一度担心逛街被偷，走哪带哪，质量非常棒，看着和便宜的都不一样。,5,2022-06-15 07:51:11
17558816543,与描述高度匹配，大赞！,5,2022-05-30 18:42:38
18067447669,价格合适，样式精美。质量不错，调节方便。佩戴起来舒适感也很好。,5,2022-09-15 20:56:20
17824971271,非常满意的一次购物，颜色漂亮，带起来非常舒服，后面有反光条，晚上在也不怕黑了，灯光照射下可以被发现，价格美丽支持商家，支持京东,5,2022-07-25 18:35:24
17641914541,可以跟好，性价比高，值得购买。米白色很好看耶耶耶哪哈，大家买吧嘿嘿嘿，废话不多说，大家看图把大家，强推米白色，真的好看耶耶耶,5,2022-06-16 11:47:20
18128061530,头盔质量不错，选的粉色实物颜色更漂亮，光泽度很好，没有异味，材质比较放心，里面很柔软，戴上很舒适，围脖加绒，毛毛很暖和，也可以拆下来，比较方便，这样冬天骑车再也不怕冷了，价格也比实体店实惠，真是买的很值。,5,2022-09-27 17:47:46
17552551950,安全帽收到了，质量看着非常不错，大小也比较合适，颜色也很好看，不错的产品，安装简单，戴着也不重，感觉包裹性很好，很有安全感。,5,2022-05-29 10:33:58
18062287934,选了好几家店对比，花了好长时间，收到货真的很喜欢，帽子很厚实。发货速度非常快，很满意的一次购物,5,2022-09-14 18:19:39
15787693296,物美价廉，物超所值，超出预期的好，材质坚硬，内部舒适，造型美观，重量轻巧，没想到用这个价格能买到如此质优价廉的产品，已经推介给朋友，朋友看了也准备下单了。小小建议，外包装再讲究一点就更好了！,5,2021-06-10 11:14:21
18074404655,***泽非常好，高大上的感觉，也非常有手感，做工非常棒，茶镜也好看，戴着很合适，买值了！,5,2022-09-17 13:38:51
17553472965,东西收到了，质量很好，和图片一样，没有色差，标注都是3c认证的产品，刚带上使用感觉有点紧，估计带一段时间就好了吧。,5,2022-05-29 14:06:20
18043480812,不错，头盔挺精致的   物超所值！比较厚实，值得推荐！,5,2022-09-10 14:33:10
18195672178,质量还不错，通气孔是能调节的，头围大小都可以调节，男女通用，我觉得男士戴更合适！,5,2022-10-11 11:21:39
17549778062,收到后，组装镜片很轻松就搞定了。做工很好，质感不错。安全性方面，手感挺厚重，足够保护头部安全。,5,2022-05-28 15:19:39
17561680796,非常好看，非常漂亮，看上去物有所值，戴起来很舒服，后边也有反光板，灯光下反射易发现。支持京东，支持店铺。,5,2022-05-31 13:36:41
18071195161,宝贝特别喜欢，颜值高质量好，中看又中用，有需要的朋友不要犹豫了，最后祝商家生意兴隆！,5,2022-09-16 18:04:27
18537320241,快递很快，质量很好是正品，戴在头上很舒服，不会划到头皮。,5,2022-12-15 09:15:56
18049048891,头盔质量特别好，款式也特别时尚，太喜欢了！颜色也很漂亮，还会再光顾的！,5,2022-09-11 20:33:30
17764510712,这个头盔质量没问题，而且颜色还特别的亮，非常喜欢。物流也快。一定要买他家的,5,2022-07-11 11:24:48
18041052948,头盔收到了，3c认证，质量保障，后面反光设计，非常满意的一次网购！,5,2022-09-09 21:28:00
17776397341,非常满意的一次购物体验。产品和描述的一模一样。带了一下大小合适带着非常满意。性价比很高！,5,2022-07-14 11:04:51
17776420245,"这个人头盔一打开箱子就感受到商家对产品的严
格把关，头盔颜值高先不说，里面的一层保护棉
非常的紧贴，带上非常的好看更舒服，小细节上
也非常到位，能松紧，还有透气孔，头盔也很结
实，非常的棒。",5,2022-07-14 11:08:39
17576200268,头盔收到了，质量非常好，是3c认证，带了几天挺好的所以现在才好评。没有色差，发的和发的图片一样的。,5,2022-06-03 13:34:45
17579962137,总体来说不错的，颜色和质量都符合描述。护目镜安装一定要注意点。,5,2022-06-04 09:50:07
17644064169,材质做工很精致，头尾可调节，质量很好，颜色也非常漂亮，最重要的是骑车上路安全有保障啦！！,5,2022-06-16 18:53:42
17546831754,还不错，挺好的，可以反光，还有小风车，感觉比较安全，看上去也挺美观的，然后带上也比较舒适。,5,2022-05-27 19:23:23
17637321938,物美价廉，质量非常好，这个价位买到这样的头盔就是赚到，还会回购的,5,2022-06-15 12:21:46
17812763556,帽子质量很好，颜色好看适合男女使用，物流很快，下次还会光顾，推荐购买此款&hellip;,5,2022-07-22 18:54:02
17558635198,这款头盔外观美丽，品质优良，赠品也特别好玩，大家入手绝对不亏。,5,2022-05-30 17:59:52
17686562339,看着挺结实的，有里外三层，还送了反光条和小风扇，很不错,5,2022-06-23 20:05:51
17541311394,超出期待，简直物超所值，戴起来很舒服，反光强，大爱，骑上我心爱滴小摩托,5,2022-05-26 14:28:11
17562568816,头盔收到了，质量挺好的，3c认证的，大小合适，很不错，白色的很喜欢，很上档次！,5,2022-05-31 16:45:57
17565670040,包装完好，打开包装头盔质量很好，赠品暂时用不到给孩子玩了,5,2022-06-01 10:51:57
17404408099,东西收到了带上大小合适，颜色漂亮美观，老板人不错。发货速度也快，做工精致，值得购买,5,2022-04-23 23:40:03
17468934193,头盔非常漂亮，大小很合适，试戴了一下戴着非常舒服而且颜色非常漂亮，还会回购的,5,2022-05-09 18:34:01
17554903276,质量很好，大小很合适，外观很漂亮，戴上很舒适，物美价廉！！！,5,2022-05-29 19:35:20
17555021820,样式非常不错，物流也很快，特别愉快的一次购物，值得去买。。。,5,2022-05-29 20:06:36
18886904406,款式新颖，造型独特，佩戴舒适，摘卸方便快速。内部做工也很细致。,5,2023-03-11 21:39:26
17544982710,东西收到了，物流很快，质量很好，物美价廉，值得购买，很好,5,2022-05-27 12:05:56
17112662431,发货速度很快   产品质量很好  颜值很高 总体来说还不错很棒,5,2022-02-11 15:49:24
16507792724,头盔不错，物流也很快，今天收到了，打算过几天就安排上，棒棒哒，小伙伴们喜欢的就赶紧下手吧，欧耶，冲冲冲！,5,2021-10-23 19:58:19
17558401552,东西非常不错，物流速度非常快，这个头盔真好，本来还以为不好，结果收到货自己都惊呆了，话不多说，直接上图上视频，推荐购买，有意图的朋友们不要犹豫，抓紧下单吧,5,2022-05-30 17:05:57
15826616883,购买核心点，尾部有亮灯标志，前设有阀门可调节漏空气进入，黑色款很炫酷。工程塑料材质，性价比很高，还是有一定厚重感，搭配透明镜需自装，简单易上手。整体值得入手。,5,2021-06-18 12:10:00
18317168073,颜值很棒，一级棒，买上很舒服，戴上毫无违和感我自己非常喜欢，而且在路上的时候很多人频频回头看，我觉得真的是太帅了越看越喜欢,5,2022-11-02 11:52:51
19017676876,结实、外观可以。护目镜有划痕，商家第一时间安排补发。反光镜丢失，商家还给发了两个，不想沾他这个便宜真想给她退回去。还送了三个反光贴。,5,2023-04-13 09:28:47
16081988700,物美价廉，质量很好，是我想要的类型，物流也很快，值得大家购买。,5,2021-08-03 22:19:16
16510766787,这个价钱也就这品质，合适！,5,2021-10-24 12:49:02
16102999824,性价比高，颜值好看！不错，推荐大家。,5,2021-08-07 16:01:55
17744074794,头盔收到，颜色好看，质量很好，做工精细。物流很快，值得信赖。,5,2022-07-06 09:49:29
18015958285,时尚漂亮，质量不错，一次买了两个,5,2022-09-04 22:07:27
17375159588,先买了一个儿童的，一路顺风到货快，紧接着买了这一个，店家发货迅速，却在距目的地最后一站因疫情受阻，延迟数日方才收到。头盔与图示相符，挺好的,5,2022-04-16 23:48:29
17136292742,质量杠杠滴，款式也好看，本地卖100多的，跟这个质量差不多，性价比非常高，骑电动车，摩托车的首选，国家标准质量，带着放心，还有漂亮的尾翼，给个大大赞,5,2022-02-16 18:29:34
18227408929,非常好 好漂亮 跟想象差不多 后面有反光片 安全第一,5,2022-10-17 18:49:17
17846266960,做红用料还可以，喜欢,5,2022-07-29 22:08:34
17800870423,漂亮够硬够结实，质量杠杠的,5,2022-07-19 22:30:24
17550655460,挺不错，挺好看，刚收到货，那镜片还没安装上，不过都是赠品，都是安装上了，感觉倒是挺好看的,5,2022-05-28 18:37:54
17278884177,头盔高端大气上档次，造型好看，后面带夜间反光灯，出行更安全,5,2022-03-21 20:17:55
17896272627,快递到货，质量很好，戴头上不会很重，很合适，送的赠品也不错，防晒太阳板可以自由安装，头部有透气孔，很人性化，很不错，值得推荐购买,5,2022-08-10 20:10:53
17942927877,物超所值，非常满意，期间有点小插曲，店家细致周到的服务让人很感动，祝生意兴隆，还会再来,5,2022-08-21 18:09:17
17648977228,均码我戴上有点夹头，其他都很好，质量不错，在~买的退了，镜子拉下来路面高低不平，晕晕的。这个可以，还送了小装饰品。,5,2022-06-17 17:44:47
15466704511,宝贝收到了，冬天在这家店买了2个，现在快到夏季了又买了2个，这家质量特别的好第一次买有一个裂道，是正好前脸，给厂家拍照过去了，二话不说就又给寄来一个镜片，别的不说，这就是态度那叫一个好，客服也特别的好，所以说我就认准这家店了，价钱也不贵。棒??。,5,2021-03-27 09:29:11
19058581885,头盔做工质量都非常的不错，戴着不大不小刚刚好，可以调节大小，款式样式都非常的好看！包装的也挺好的！本人非常喜欢，就是快递慢了点！,5,2023-04-26 17:52:08
18055034230,非常好?的头盔,5,2022-09-13 08:07:43
15557243209,今天刚收到货了，品质看起来不错。明天可以试一下效果如何。如果效果好，打算再购买多几个备用。感谢商家制造出来的好东西。谢谢！,5,2021-04-15 22:00:08
17339329768,很不错的头盔?，已经第二次购买了，质量没得说，冬天套一个棉帽子没有问题，而且质量没得说，非常的好，太棒了，给我弟弟也买一个,5,2022-04-07 08:44:06
18046572302,发货很快两三天就到了，质量也不错，颜值杠杠的。,5,2022-09-11 10:43:57
18390569477,已经用了很长时间再来评价的,5,2022-11-14 23:38:56
17896793198,非常值得信赖的品牌，质量有保障，价格还亲民，相当满意,5,2022-08-10 22:46:01
18598687325,外形设计感还不错，我个人感觉一年四季都可以带，价格比较实惠，平时带上有个心理安慰，希望一直可以出入平安，物流速度还是比较快的，毕竟现在是特殊时期,5,2022-12-24 12:45:40
18203412448,宝贝收到了，第二次购买，真心喜欢谢谢店家 物流很快，放心购买哦！,5,2022-10-13 08:17:27
16531646200,尾部有亮灯标志，前设有通气阀门，可调节，黑色款很炫酷，材料为塑料材质，性价比高，还有一定的厚重感，搭配通明镜需要自装，简单易上手，尤其后面有反光板，灯光照射可以发现,5,2021-10-28 15:23:40
18128597914,快递很给力，东西收到了，感觉非常不错。,5,2022-09-27 19:41:13
17386219507,这头盔发了一个有瑕疵的给我！过分了噢！,5,2022-04-19 17:06:15
18897541993,商品收到了，看起来还行，但看不到双C标志&prime;,4,2023-03-14 13:45:23
17374825031,头盔质量很好，安全性能很高，保护头部很到位，值得推荐购买，店家服务态度好，物流也很快，买它没后顾之忧,5,2022-04-16 21:56:05
18153503421,购买的商品不错建议大家购买,5,2022-10-02 22:04:55
16221105572,产品挺好的，轻快，带着头上挺舒服的，还有排气孔，产品设计细节考虑的挺到位，还有反光的，晚上出行也挺安全了，带子也能调节，总之，一块挺好的挺实用的头盔！,5,2021-08-30 07:28:59
17537940025,防尘袋那去了？？,5,2022-05-25 18:20:38
17754662540,头盔质量不错，护目镜也很清晰，大小都可以调节3c认证，不错,5,2022-07-08 19:53:51
17508409730,该用户觉得商品不错,5,2022-05-18 19:37:36
15667745430,物流不算快，承运商顺丰快递三天送到，看起来市面上最快的物流还是京东快递了！商品收到，打开包装和网页上描述的一样，很轻便又坚固，拉下面罩不仅防强光还能挡风遮雨,5,2021-05-13 15:15:46
17835713033,京东商城，品质保证，质量非常好，一直在京东商城购买东西，值得信赖，宝贝回来之后。质量非常好，美观大方，简单，很时尚，很漂亮！,5,2022-07-27 19:15:22
17923053723,选择了很长时间，看了很多款的头盔，选择了这个头盔，收到货后，试戴了一下，很好。从头盔的材料丶颜色丶舒适度丶安全性看，都很满意，快递速度快，值得购买。,5,2022-08-17 12:04:53
18974537126,宝贝已经收到 外观很漂亮 很心仪的一款头盔。,5,2023-04-01 17:51:28
18333560635,非常好的一款头盔，好好看，质量非常好，以前买的那些头盔都没有这款的，质量过硬，佩戴也是相当的舒服，这个外形也是特别的炫酷，本来我不喜欢戴头盔的，我现在都很喜欢戴这款头盔了，价格也非常的实惠，真的是物美价廉，真心的推荐大家来购买这款,5,2022-11-05 10:49:15
15713391806,头盔不错，虽然有点味道，总体还是可以的，感觉很坚固，挺不错 外形什么都不错 头盔这东西大概率还是不希望派上用场 ，交警让必须戴头盔所买。,5,2021-05-24 17:32:33
18258594158,外观设计漂亮，尺寸大小合适，包装仔细完整，宝贝手感不错，感觉很好，发货速度快，服务态度一流，给力！5星好评！,5,2022-10-22 10:59:51
18881233062,不错的一款头盔，冬天戴着嘴巴挡不到，可以多戴个口罩和围巾就不会很冷了，春天就很棒了，防晒，还有个太阳镜遮光，给个五星好评吧?????,5,2023-03-10 19:40:47
17966611340,质量很好第一次在网上买头盔，戴着挺好看的我买的前面挡风是半遮挡，如果冬天的话还是买全遮挡的话好，晚上可以选择透明的挡风?,5,2022-08-26 10:38:20
18216467647,电动车头盔男四季防晒防雨电瓶车头盔女士夏季哈雷头盔轻便式半覆式安全帽四季通用半盔防晒夏天灰色黑茶中均码不错的一款头盔，算得上一款物美廉价，做工不错，款式较为新颖的头盔，戴着较为舒服，灰色是我喜欢的色系。,5,2022-10-15 20:25:08
18824860109,我买来试了好几天才来评论。首先快递挺快的，头盔也特别的精致，样式好看。还有头盔的内衬，戴着舒服，你可以根据自己头围大小自己调整。,5,2023-02-24 23:31:34
15470095621,在他家买了N个了，质量都特好的，颜色多也正，老板也好，服务态度有问题立马就给解决，决不托地带水。这点是别的商家做不到的，棒??。,5,2021-03-28 08:17:32
17399237714,该用户觉得商品不错,5,2022-04-22 17:50:09
16375743726,头盔还不错，适合夏天带，大小带着还可以。。,5,2021-09-28 10:35:37
16087864761,特别喜欢这款头盔，这个价位值得推荐，比较适合夏季带,5,2021-08-04 21:22:39
19097291278,京东质量非常好，我在其它平台买2次退了2次，我还是在京东买放心，给满分。,5,2023-05-09 21:47:25
16693067097,一开始商家发错了镜片，后来补发的茶色镜片。镜片安装也很简单，客服有视频教程。特别喜欢这个水泥灰的颜色，头盔的外形也很有个性，戴着不重很舒适，推荐购买。,5,2021-11-20 18:19:56
18785968257,好好好好好好好！！买了两个，一个白色的，一个蓝色的，质量很好，不错不错，看视频，真的行??,5,2023-02-14 20:59:13
15684387762,商品己收到，物流很快，配送员态度很好，商品质量不错，款式美观，而且价格还可以吧。,5,2021-05-17 18:48:58
18066471228,看外观还可以，春夏秋冬都可用,5,2022-09-15 17:06:51
17690315004,头盔非常不错！值得购买！！！,5,2022-06-24 15:13:50
19002293463,质量挺好的，也很好看的，试带了一下，很舒服&hellip;&hellip;,5,2023-04-08 18:14:56
18860046354,收到了，非常不错，材质也很好，颜值也很高，值得购买。,5,2023-03-05 19:28:03
15601517145,要买他家的注意了，质量非常差，就是一个薄薄的塑料壳，帽子到处刮花，帽子里面和帽檐还有很多中长头发夹在那里，应该是别人退货的发过来，做工质量粗糙。客服也扯皮，不正面回答问题。头一天我在另外一家京东自营店买了一款男士的，贵5元钱，质量好太多了，样子也好看，做工够硬够重，,1,2021-04-25 20:25:46
17560717395,非常好，已经买了几次了，质量给个赞！,5,2022-05-31 09:37:54
17874483212,质量不错非常满意！超过我的满意度,5,2022-08-05 12:49:28
15737440911,货已收到，很蒎满意，带上头上很钻舒服,5,2021-05-30 18:51:29
18805008237,快递很给力，收到头盔，很漂亮，再买一定还会光顾这个头盔店家,5,2023-02-19 16:36:10
17357512184,很喜欢，款式挺好看的，戴起来也舒服,5,2022-04-12 11:41:45
18749547446,还行.虽然有点小瑕疵.但不影响使用.,5,2023-02-04 14:40:02
17608621959,"不错，很满意,送了一个小风车,很酷。",5,2022-06-09 19:49:19
15768204950,头盔质量不错，做工也好，价格实惠。,5,2021-06-06 10:50:56
18067492503,头盔收到了，很喜欢。刚好现在天气变凉了，上班骑车带着头盔又安全又暖和。头盔的款式好看，质量也不错。价格实惠,5,2022-09-15 21:07:32
17295531166,还可以吧，后悔应该买个白色的了,5,2022-03-26 10:09:25
17563737571,"质量很好 
喜欢的朋友 别犹豫了",5,2022-05-31 21:10:35
18289868098,物超所值，非常满意，期间有点小插曲，店家细致周到的服务让人很感动，祝生意兴隆，还会再来,5,2022-10-27 18:42:32
15461516413,一般般，做工不是很好，比较轻，外面的质量还可以，内部应该不是很好的，20几块钱买的，还可以吧，比公司的安全帽差很多！！！！,5,2021-03-25 19:21:05
17338854111,此用户未填写评价内容,5,2022-04-06 23:02:06
17195129199,非超好用，价格便宜设计合理。外观看起来挺好看的，材质看起来挺好的，使用起来很方便，挺不错的发货速度非常快，包装挺好的。价格实惠,5,2022-03-01 20:32:10
17438315798,蓝色看上去比较暗，但实际上是不错的，带起来感受也不错，满分100的话，这个最起码90.哈哈哈小风车也很好看,5,2022-05-02 16:06:57
15597775812,头盔质量很好无异味，好看，戴着舒服，性价比也挺好,5,2021-04-24 20:46:59
17808816584,头盔很喜欢，夏天带这样的头盔不热，颜色好看清爽，质量不错，很喜欢的宝贝,5,2022-07-21 20:24:21
18047573486,质量很好，大小正好合适，前挡片很好，值得我们去买,5,2022-09-11 14:54:50
17622937600,物流很快，昨天下单今天就收到了，给力！头盔质量不错，还送个小竹蜻蜓，晚上开车戴出去溜溜。。,5,2022-06-12 17:29:05
16353769924,"颜值很高，透气性好，戴着
比较时尚！",5,2021-09-24 11:48:33
16000978219,好喜欢这颜色，带反光条，晚上骑车安全很多,5,2021-07-18 10:06:26
15613123964,质量很好，还这么便宜，比我在另一家店买那个男式的好太多了。,5,2021-04-28 20:54:41
18319061692,头盔质量好！做工精细,5,2022-11-02 17:42:45
17762636239,"透气，轻便，舒适！！！
给家人、亲人买了两个！
另外有可爱的小赠品哦！",5,2022-07-10 20:18:52
16324172048,商品很赞，性价比高，值得购买。,5,2021-09-18 13:21:02
17566359006,相对便宜好用，很好用，严格来说不适用于摩托车，更适用于电动自行车,5,2022-06-01 13:13:43
17762469884,还不错，很厚实，做工也很精致，没有异味，比较满意。,5,2022-07-10 19:33:06
15629082507,质量非常好，客服态度非常非常赞，有问题及时给解决了不错，喜欢，性价比高，以后会经常光顾是正品很好用，价格便宜了很多，性价比超高，真的特别划算，包装也很高端大气上档次，值得购买,5,2021-05-03 15:25:59
17564306933,用马克笔在上面添了几笔，成了独一无二的。挺不错,5,2022-05-31 22:56:34
17654636988,镜片高清的晚上也很清晰，头顶还有通风口，质量不错，挺满意的，,5,2022-06-18 16:33:19
16249534457,东西很不错，很值！！,5,2021-09-04 13:23:28
15811365759,这款头盔很坚固、魔术贴设计比较人性化，各种头围都适合，还有一个亮点在于后面有个夜视灯，晚上出行很安全，遮挡眼睛那里看起来很酷！不错，给个好评！哈哈哈,5,2021-06-15 19:20:08
17701225736,非常轻 ，颜色也很漂亮，戴着很舒服,5,2022-06-26 19:19:19
15844218033,发货很快，做工很好，质量非常满意。,5,2021-06-21 11:10:13
15744064650,质量很好，到货及时，非常满意,5,2021-06-01 11:43:50
17562066062,质量非常好，卖家服务态度很好，值得推荐。,5,2022-05-31 15:04:03
17569692982,头盔很喜欢，质量也很好，主要是戴着很酷，。棒棒哒,5,2022-06-02 05:43:40
15638296287,很快收到买的物品了，打开一看，颜色很正，与图片一致，质量不错。,5,2021-05-06 00:27:44
17717299515,比我之前买的同价位的要好很多,5,2022-06-30 08:54:54
17419043379,收到宝贝，用了几天，感觉挺好的，质量杆杆的,5,2022-04-27 17:46:49
15650088437,轻便式半复式哈雷头盔收到了，拆开盒子一瞬间很喜欢它。款式新潮，设计精致、周密，头盔后面有反光标识，太人性化了，很适合人意，非常满意，就是物流稍微慢了点！！！,5,2021-05-09 05:51:41
17950509960,很好的头盔很帅还有透风口后面,5,2022-08-23 08:09:11
17580017385,带着骑了几次，就是有一点点重,5,2022-06-04 09:59:48
17482247115,商品以收到，戴起来还不错，外观还不错质量还行,5,2022-05-12 17:04:26
18131687372,质量不错,5,2022-09-28 11:58:31
17420890727,非常好 主要质量没话说，很好看 怎么摔都摔不破，还会回购,5,2022-04-28 09:10:13
18014963651,完美，很好，，漂亮！,5,2022-09-04 18:54:59
17645994047,质量好，颜色漂亮，是我喜欢的款式。凉快！,5,2022-06-17 07:04:25
15608711335,马上要执行新交规了，特地买了这款新头盔，式样挺好。,5,2021-04-27 18:02:22
15781882089,给自己买的，非常喜欢，还会让朋友们也买的,5,2021-06-09 06:59:24
17577538180,整体还是挺不错的，商家服务态度好，头盔很硬,5,2022-06-03 18:24:11
17801679335,好看，质量也不错，值得购买,5,2022-07-20 09:11:59
17452103464,非常好，非常值得购买。比我买车拿的那个好多了。,5,2022-05-05 21:20:47
17459872059,可以的，戴着不错。哈哈,5,2022-05-07 17:59:51
17457463975,孩子喜欢，让我再买一个，快递能在快点吧！,5,2022-05-07 08:29:29
17847483350,质量很好，服务很棒,5,2022-07-30 09:46:26
17563351851,可以非常好，戴着很舒适,5,2022-05-31 19:41:49
17548528973,美观大气，质量也好，使用更放心,5,2022-05-28 10:24:54
17546303935,头盔漂亮，实用，性价比高。,5,2022-05-27 17:14:29
17528888362,此用户未填写评价内容,5,2022-05-23 18:39:59
15781490801,那条带子有点短。,5,2021-06-08 23:40:46
16012737122,头盔已经收到，物流速度也很快的，感觉还行吧，就是头带起来里面没有固定的，下次改良一下应该会好起来的,5,2021-07-20 16:15:48
17352533423,此用户未填写评价内容,5,2022-04-10 23:28:03
15974737376,感觉质量可以，可以调大小，买了两个，有时候带小孩，骑电动车还是带个安全帽好一点，保护好头部。,5,2021-07-12 21:21:25
15974737284,感觉质量可以，可以调大小，买了两个，有时候带小孩，骑电动车还是带个安全帽好一点，保护好头部。,5,2021-07-12 21:20:27
14119250669,收到宝贝迫不及待拆开来看看，宝贝的包装完好无损，里面还送了我袋子和黑色的口罩?，头盔的重量不是很重还可以，挡风玻璃装起来很简单容易的，透气性还好吧，毕竟夏天天气热，快递小哥服务态度很好，整体来说还是可以的。,5,2020-05-06 13:59:04
17627908785,安全帽质量看着不错，大小合适，颜色好看，带起来舒服，尤其是后面有反光板，灯光照射下可以被发现，起到反光警示作用，头盔外观漂亮，做工精细，而且质量有认证，戴着较为舒服，颜色磨砂的哑黑，还挺好看的，物美价廉，物超所值，超出预期的好，材质坚硬，内部舒适，选型美观，重量轻巧，已推荐给朋友！,5,2022-06-13 15:15:12
19004643587,拿在手里质感还可以，头盔里有松紧的地方，可以根据自己头大小调整，方便实用。前面有两个透气孔，也可以随时调节。后面有反光条，晚上还没骑，不知道效果怎么样。镜片的话是黑色的，夏天能防强光照射，带着看东西还是比较舒服的，就是露出鼻子的那一部分得把头盔调整好位置，不然老是觉得视线里有道缝，总体还是不错的，价位也还行。,5,2023-04-09 07:51:42
15829739223,很好！外观时尚，透气，质量也不错！用了一段时间感觉很好！,5,2021-06-18 21:22:24
16393342371,不错蛮好的，我儿子很喜欢,5,2021-10-01 11:53:20
16385359336,大小合适，看着很酷的样子,5,2021-09-29 21:31:28
14166997697,货已收到，款式质量不错，戴了两次，感觉要得！,5,2020-05-18 15:04:17
16226877074,安全帽质量很好也很好用，样子也很漂亮。,5,2021-08-31 11:02:30
16311183774,发货很快！效果不错！！！,5,2021-09-16 07:51:56
15698024296,收到了，非常惊喜，质量杠杠的，设计风格都很酷，价格也实惠，真是帅呆了,5,2021-05-20 22:16:26
15659293558,这个是再次购买的帽帽了，觉得质量，颜色，款式都还行。快递也给力。点赞！,5,2021-05-11 13:11:40
15785881917,大小合适，质量不错哦，外观设计漂亮，轻巧,5,2021-06-09 22:47:48
15785875439,大小合适，质量不错哦，外观设计漂亮，轻巧,5,2021-06-09 22:46:55
16382045971,跟图片的一样好看太阳镜片也很给力！,5,2021-09-29 11:44:28
16174057226,收到多多日还没来得及评价，很好很满意,5,2021-08-21 17:46:28
16229121312,还算可以就是头盔里面白色层有披风,5,2021-08-31 18:18:23
15624560873,不错的商品，下次再来买，好东西要分享。,5,2021-05-02 09:38:18
16290147235,通气好！很轻很轻。一点不紧,5,2021-09-12 00:19:49
16151478200,此用户未填写评价内容,5,2021-08-17 17:19:46
15872566881,挺结实的，可以防止摔到脑袋！,5,2021-06-26 13:33:26
15837878490,收到货了 质量很好哦 满意,5,2021-06-20 10:15:22
19020835077,头盔已经收到了，质量很好，3C认证的，质量有保证，戴着很舒服，后面还有反光板，遇到灯光发亮，安全性也提高了，前挡风板有两个，一个透明的，一个深色的，拆卸方便，更换方便，物美价廉，推荐购买！,5,2023-04-14 10:49:28
15639323389,外观漂亮与描述一致戴起来很舒服,5,2021-05-06 11:09:20
18139177488,之前这种东西都是~买，觉得便宜。但是这次以后真的发现，~真的除了假冒伪劣一无是处。这比~上上百的质量还要好，真的不夸张！看直接就能看出来。同价位~上就是个垃圾。,5,2022-09-29 20:43:18
16108607065,"哈哈。
便宜好看",5,2021-08-08 23:03:01
15630161291,挺好的，戴上好看，帽子,5,2021-05-03 20:26:41
15466525097,此用户未填写评价内容,5,2021-03-27 08:21:14
17602446947,买了三个了都没有注意到这个头盔里边，头顶部没有缓冲带子，会不会影响安全，其中一个头盔围边的带子扣锁随意就会脱落。,3,2022-06-08 16:01:48
17683000054,质量没问题，大小可调。这个价钱可以了,4,2022-06-23 07:31:56
17426469298,这个头盔看上去手感还不错。手感也不错的，给人比较厚实的感觉。戴上去还算舒服，今天天气25到30度，戴着在马路上骑电动车比较热，不过个人认为这个头盔是性格比较高的。,5,2022-04-29 15:32:58
17422473648,感觉好像还是很不错，希望不要让我失望,4,2022-04-28 15:31:13
17461247000,头盔收到了，物流挺快，质量不错,5,2022-05-07 23:46:17
17747451938,质量这蛮不错，还有碳纤维，简直太物美价廉了，任何一个部件做工都特别好，犹豫的亲们不要观望了，颜色也特别好看，不要糊弄警察，要为自己的安全着想。话不多说，自己看。,5,2022-07-07 00:07:15
11577509966,看外观挺漂亮，看里面有点伤心,5,2018-06-10 20:15:44
16641745997,物流很快且包装很好，收货后自己动手装的挡风玻璃，价格便宜且设计合理，外观看起来挺好看的，一起买了两个给家里人戴的，满意的一次购物,5,2021-11-14 15:35:28
19026055333,在千村万户摩托车装备专营店购买的，电动车四季轻便式安全头盔，下单发货快，包装细致，收到的货物完好无损。头盔为国家3c认证，设计新颖别致，材质优良，制作精细，光鲜美观，无瑕疵，前有挡风板，根据需要可调整，拆卸，后有反光板，头盔尺寸大小可调，带着很舒适，质量非常好，安全可靠，物超所值，值得推荐。,5,2023-04-16 08:47:17
19101684061,"Andes Helmet 男四季电动车头盔是一款非常优秀的头盔产品，它不仅在外观设计上精美细致，还具备多项安全性能和舒适性能，以下是对该产品的好评：
首先，该头盔的外观设计非常时尚，线条流畅，色彩搭配也很得体，能够满足男性用户的审美需求。而且该头盔的外壳采用高强度的ABS材料，具备抗冲击、防护性能，能够保护骑行者的头部免受伤害。
其次，Andes Helmet 男四季电动车头盔在安全性能上做得非常出色。头盔内部采用了多层缓冲泡沫，能够有效缓解冲击力，减少头部受伤的风险。而且该头盔还配备了高效的排气系统，能够保持头盔内部干爽和通风，减少头痛、头晕等不适感。
另外，该头盔还具备多项优秀的舒适性能。头盔内衬采用透气性能好的材料，能够保持头部干爽和舒适。而且头盔的大小可以根据个人需要来进行调节，使头盔更加贴合头部，提高舒适性。
总的来说，Andes Helmet 男四季电动车头盔是一款性能优异的头盔产品，不仅在外观设计上精美细致，而且在安全性能和舒适性能上都做得非常出色。如果您需要一款适合男性使用的头盔，那么 Andes Helmet 男四季电动车头盔绝对是一个值得推荐的产品。",5,2023-05-11 13:09:02
17835922137,"1头盔还是比较轻的，产品基本和描述的资质。
2做工用料感觉不错，推荐购买。
3，送的东西也不错，虽然送了一个粉红色的，毕竟我是一个大老爷们，反正用不上，反光条基本也用不上，回头贴电车上就行了。",5,2022-07-27 20:10:34
16294387854,不说质量怎么样吧，帽沿是真的不怎么匹配，半小时了都扣不上，真费劲，也没想质量怎么好，起码帽沿得匹配吧，扣的手疼都扣不上,1,2021-09-12 21:35:31
17702237088,头盔很有质感，整体看着效果不错，好看大气做工不错，这个价格感觉很值，安装也简单，有教学视频，头顶上有进风口的开关，夏天带也不是很热，后方有反光灯，还送了反光贴纸可以自己贴，下巴有橡胶的下巴托很舒服，就是调整长度松紧不是很方便，感觉设计的太送了，收紧之后，绳子长出来很多在下巴那里，两侧好像不能调，只能调整下巴那里的绳子,5,2022-06-26 23:13:55
16481450842,各方面都合适,5,2021-10-18 17:36:14
16267575003,头盔材质挺好的，使用很方便，价格很实惠，性价比很高，安全性不错，买了骑自行车电动车都可以带，挺结实的，发货速度也很快，包装挺好的。,5,2021-09-07 22:51:33
16394963725,不错不错哦。,5,2021-10-01 17:10:26
10822973721,质感很好，，朋友都说酷，，，值得信赖,5,2017-09-29 18:29:32
19086207781,非常不错！大小合适，颜色也好，就黑色镜片有波纹，看的眼有点晕。,5,2023-05-06 08:27:27
19079994772,包装完好，打开包装头盔质量很好，赠品暂时用不到给孩子玩了,5,2023-05-04 02:14:10
17836861624,"1．收到货，第一时间拆包装，质量非常好，与卖家描
述一致，完全超出我的期望值，包装很仔细、严实，总的来说这次是很满意的一次购物，感谢卖家。
2．正品，质量好，价格低，性比价高，物美价廉，物有所值，朋友看了都说好。客服服务热情都到。物流很给力
3．包装很好，快递给力，卖家很有信誉，发货速度也很快。价格更是比别家的实惠多了4．质量非常好，与卖家描述的完全一致，完全超出期望值，包装非常仔细，很满意的一次购物
5．刚收到货有点不懂得该怎么使用，咨询了一下客服，没想到客服的人超好，介绍得超仔细的
6．到货很迅速，质量也不错，好店铺，推荐了～还在观望的朋友们可以毫不犹豫的下手啦！
7．六星好评，多一星不怕你骄傲，还在犹豫的朋友赶紧下手，良心推荐，真的很不错，性价比也很高，以后还在这家买。总之：满意！满意！满意！
8．真的超级喜欢，非常支持，质量非常好，与卖家描述的完全一致，非常满意，完全超出期望值，发货速度非常快，包装非常仔细、严实，物流公司服务态度很好，运送速度很快，很满意的一次购物呢。",5,2022-07-27 23:41:05
18988125511,"头盔质量很好，由于我的头比别人大点,居然
能调节到62码,也只他们家店子有卖。头盔性
价比挺高的。头盔很时尚，透气性能也很良
好，对于这些大家更关心的是，安全肯定是第
位的，时尚通风是其次，一个良心公司应该
也把安全放在第一位，这头盔很好地诠释了，
推荐!第二次够买！谢谢店家的产品??",5,2023-04-04 17:43:55
18901362190,头盔质量不错，服务态度也很好，一次愉快的购物,5,2023-03-15 15:43:31
12863961818,货到了，但是没有透明镜，我带上感觉大了一点,5,2019-06-09 10:23:17
17916406204,质量非常好，比买电动车时，商家送的头盔的质量好多了。非常好用，颜色漂亮，戴起来舒服，尤其是后面有反光板，灯光照射下可以被发现，起到反光警示作用，前挡风遮雨板非常方便拆卸，物美价廉，经济实惠，价格美丽，支持京东商城，支持国货精品店，谢谢！,5,2022-08-15 17:23:23
19058265226,头盔已收到了，质量不错，大小合适戴着很舒服，是真正的3C认证，前后有反射膜，里面没有异味，商家服务态度，物流很快，还赠一个透明镜片，值得购买。,5,2023-04-26 16:06:00
16294396252,帽沿不匹配，装起来真费劲，不是同行，不是刻意诋毁，有图有真相,1,2021-09-12 21:36:46
14417156988,镜片太松了！带头上都抬不起来！一下买俩个！被坑了！,5,2020-07-14 18:07:21
14258430866,头盔质量很好！戴上挺帅气的！,5,2020-06-09 08:02:51
18966015506,发货速度快，头盔有一定份量，戴起来很有安全感，也好看，很舒服，调节大小也很方便。后面的反光条也增加了一定的安全感。有黑白透明的眼睛保护镜片，安装也很方便，满足了不同季节的佩戴。还有反光条可贴。,5,2023-03-30 18:20:52
17743963459,刚拿回家拆开来发现有一边少了一个饰品，不知道掉了还是没给安装上，其他还未发现异常，好尴尬啊,3,2022-07-06 09:20:31
14258422251,头盔不错，戴上挺帅气的！,5,2020-06-09 07:59:50
18152012223,质量很好，很酷，我很喜欢，很满意,5,2022-10-02 16:46:58
18475387253,看着没毛病，就是调节不够到位。,3,2022-12-04 19:15:02
18823078693,做工精细，质量很好，内衬里面还有钢板加固。,5,2023-02-24 13:12:17
17698423393,"快递过来真的很快点赞赞赞赞，头盔非常好看质量很好。
这款感觉自己没有选错，我很喜欢。
这款的镜片和头盔搭配很好，很棒。
价格也是可以的，下次还会光顾哦。",5,2022-06-26 09:28:11
17896596607,一直以来就想着买个头盔，加上这段时间查头盔严格了起来，索性在网上买一个，选了几款，还是觉得这款最满意，无论从颜值，颜色，款式都感觉挺好的。收到货试戴了一下，马上就来评价，质量款式确实不错，值得购买。,5,2022-08-10 21:47:06
17499443817,颜值担当,5,2022-05-16 18:03:55
18686535625,货刚刚收到，质量很好，拿在手里沉甸甸的，几十块钱的价格买到这种质量的头盔，也算挺好的了，主要还是3C认证的，就是买的安全，不是吗?,5,2023-01-12 19:45:27
14115171861,此用户未填写评价内容,5,2020-05-05 13:53:45
18812861566,质量非常好的头盔，之前买过一个，野马的，一百多块，调节是塑料旋转的，这款价格便宜一半，头围调节是简陋了点，但是质量一看就是非常不错的，质感很棒，就是下巴调节绳范围太小，调节到最小还是有点松，整体非常不错,5,2023-02-21 17:08:02
16409004866,款式到还行，做工就不是那么的美丽了，中间的缝太明显，后脑壳还有个补丁，凑合着用吧。,2,2021-10-04 15:17:51
17557979883,东西很好很满意，头盔很硬质量很好，外观也很漂亮，镜片也很好装，,5,2022-05-30 15:29:58
18211177811,电动车头盔男四季防晒防雨电瓶车头盔女士夏季哈雷头盔轻便式半覆式安全帽四季通用半盔防晒夏天 灰色黑茶中 均码不错的一款头盔，算得上一款物美廉价，做工不错，款式较为新颖的头盔，戴着较为舒服，灰色是我喜欢的色系。,5,2022-10-14 19:50:27
17611080835,很好的质量，完全符合卖家的描述，真的很喜欢，完全超出预期值，发货非常快，包装非常细致严密，物流公司服务态度好，发货速度非常快，很满意购物质量很好，希望更多的朋友能够信任。店主态度很好，我会再来拜访。好卖家好评，发货快，态度好，很满意！很好，很好！网购这么激烈，没想到店内服务这么好，产品质优价廉，热情的卖家下次还会来。我希望下次还有机会和你**。祝你生意兴隆。质量很好，包装也很细致，令我惊讶。下次再见，店主人很好，东东很好，能找到喜欢的宝宝是一件很幸福的事。？？？？？？？？？？？？？？质量很好，和卖家描述完全一致，真的很喜欢，完全超出预期，发货速度很快，包装很仔细很紧，物流公司服务态度很好，发货速度很快。,5,2022-06-10 11:28:55
18158386219,"头盔的作用：防撞、防止树枝树叶击打、防止飞石击打、分流雨水、透气、提速。带有帽檐的头盔能够防晒，在头盔上贴上反光标志还能在夜间骑行时防止误撞。

的确有保护头部的作用，它在发生意外的时候在碰撞物体与头部形成一个缓冲区，能够有效降低外界对头部的伤害，这与摩托车戴头盔道理也是一样。但是这种缓冲作用是有限的，只能把伤害降到最低，不可能保证出事了头部就能免受伤害，所以千万不要忘了安全行车的重要。",5,2022-10-03 20:27:50
17835671049,头盔挺好的，带起来很舒服，防太阳光。,5,2022-07-27 19:07:29
17993043043,"自从用了京东，超市也再也不用去了，京东秒杀
一切电商平台，价格也比实体店便官很多，所有的产品满分。服务满分，售后也满分，物流满分。自从用了京东，其他的购物网站基本不去了，看中的就是京东卖正品，非常好特别说一的很快，上午买下午送到，有问题也及时解决，问我为什么喜欢在京东买东西，因为送货速度快，售后好，然后是包装令人满意，重点是产品真的非常好。京东购物这么久，没有一次失望过，每次评价都是全五分。在京东商城买东西我放心，速度快，服务态度好。京东的电商服务以及速度有口皆碑，实物质量好，价格实惠，包装完美。
一整个购物过程非常满意，体验很好！无论是服务还是产品本身都满意，所以我会推荐朋友们来京东购物的。希望能推出更多优惠。而且京东第
三方平台也非常给力，即使是第三方商家的东西我都很信任因为京东的平台非常可靠，京东后台管理严格，是所有电商平台的榜样。总之很满意",5,2022-08-31 16:18:48
17743054900,说出来你可能不信，我一拿到快递，就看到这个盒子是打开的，然后头上的小蜻蜓还不好安装，一不小心就折断了，只能用热熔胶粘了,5,2022-07-05 22:29:06
18740888154,这个头盔一打开箱子就感受到商家对产品的严格把关，头盔颜值高先不说，里面的一层保护棉非常的紧贴，带上非常的好看更舒服，小细节上也非常到位，能松紧，还有透气孔，头盔也很结实，非常的棒。,5,2023-02-01 21:13:08
12519606008,艾玛呀！这家伙刚安装好，太费劲啦？安装好了体验一下不错不错不错，带着很舒服,5,2019-03-07 18:20:56
17679994175,东西收到了，下次再来评价。,5,2022-06-22 16:02:41
17669265954,内外包装完整，头盔手感比较厚重，内饰比较不错，亚黑均匀，造型美观，大小合适，物美价廉。,5,2022-06-20 19:38:37
18931214813,刚收到快递看包装吓一跳，后打开看货物还是完好，建议在包装方面多注意一点。,4,2023-03-22 20:26:43
11554697151,哈哈??跟我想象一样，很满意，为了安全驾驶，我就选你了，值得拥有。货真价值，建议大家都选它，夜间行驶给你带来很大安全隐患。,5,2018-06-04 20:57:42
12901343133,安全帽已收到，给儿子带的，质量不错，下次还要在买,5,2019-06-17 16:52:56
17414151662,很快到货，很不错的，轻巧实用，，挺不错的。。。一下买了两个，安全方便，透气也不错的。。。。。。。。。外观漂亮设计大气好看，，酷酷的挺不错。。。。。。。。。。。。，，，，。。。。。。。。。。。。。。。。。。。很好的。,5,2022-04-26 13:35:21
18888848458,拿在手里有分量很结实，有3C认证送的透明片和茶片,5,2023-03-12 13:43:38
12546081425,宝贝收到，就镜面没有保护膜，碰花了一快。不有就物流有点慢！,5,2019-03-15 17:12:43
19038790504,货已收到，包装完好，没有破损。帽子戴起来非常舒适，大小可以调节，非常棒。款式也不错，而且还配了两块面罩，可以自行选择，真的不要太好。天冷了再买一顶全盔。,5,2023-04-20 14:13:47
12624256099,此用户未填写评价内容,5,2019-04-07 21:19:58
17685272876,特别满意，转头看路很舒适。,5,2022-06-23 15:54:30
18970133776,收到货品，包装不错，大小也合适，绳结可以调节长度，头围也可以调，配了两块面罩，透明的和茶色的，可以根据实际情况选择，不错，给好评！！,5,2023-03-31 20:25:49
19040379378,不复，很轻巧结实;本来阴天下雨的迹象突然来个大放晴，瞬间感到夏天的炽热。在用的汽盔带有围脖的作用热得要死，马上下单换一个。质量很好。就是有点深，刚到耳朵弄得有点不舒服，但调整一个也就好了,5,2023-04-20 23:27:43
17682315360,什么价钱#，质量杠杠的，拿在手上挺重的，样子还是比较帅的，安全系数高，确实不错，推荐给了朋友，#克拉斯，赞赞赞赞赞赞！,5,2022-06-22 22:56:13
17807123090,头盔很好，很有质感，戴上去很舒服，防护效果很好，还有中国强制性产品认证，3c认证安全保障第一位，还送小风车一个，客服也很有耐心，还送反光贴，再也不怕汽车看不到人了，非常好的一款产品，值得种草！,5,2022-07-21 13:42:45
18674794005,京东的质量一向有保证，这款头盔总体不错，东西非常值，包装很严实。以后还来，可以放心购买。快递发货很快。希望店家多多优惠，及时通知老客户。祝生意兴隆。,5,2023-01-09 23:01:13
12755032386,非常好。戴上去很舒服！值得信赖！,5,2019-05-12 17:47:33
17418238522,帽子还可以，很骚气。全黄的颜色，戴在头上在路上回头率不要太高。前面的墨镜也很拉风，遮阳还能挡柳絮，现在的毛毛太多了。送的小风扇没装，因为有点娘了。,5,2022-04-27 14:33:43
18778694162,为了安全，坚决执行一盔一带，前几天买了一个，质量不错，又买了第二个，这次贵了4块钱，但是加了一个透明的镜片，坏了再换茶色的那块，总的来说一点不贵，推荐。,5,2023-02-12 19:22:03
14200494637,质量差滴不得了，九十八，我就呵呵了，戴了一天，上面滴漆就掉了，你是纸糊滴嘛？,1,2020-05-26 22:50:22
17716983868,"这个头盔真的很棒哦，这个图案是我最喜欢的，质量特别好，大小也合适，超级喜欢。夏天能遮阳，不用怕晒到脸了，后面的设计也很棒哦，质量也好用来防雨防晒都是个不错的选择，爱了！！！骑着电动车很安全，价格合理价格实惠质量好，东西和图片上的一样，喜欢的小伙伴们可以放心购买，在网上选了这个，头盔好看颜值高质量也很好,真心喜欢！一顿午餐的钱就够了,收到后也太可爱了吧",5,2022-06-30 06:32:00
12234759065,此款安全帽非常美观，时尚，后面还有那个安全警示灯，设计的非常好。,5,2018-12-08 20:21:10
12743394144,此用户未填写评价内容,5,2019-05-09 14:21:35
16211027618,不错不知道质量是不是过关，安全重要漂亮也重要,5,2021-08-28 08:46:10
15830193627,头盔到处掉油漆，边缘有裂开，没有夜光标识。找客服，客服说能用就给5元补偿，想着要用，就没退，同意客服的说法，结果一直不给补偿，再联系变成换货，今天准备退货发现购买时用的红包明天就到期了，跟客服商量，客服居然说退婚红包不是他们能控制的，醉了，真不知道销量怎么来的？,5,2021-06-18 22:32:03
18725269310,头盔是买来给儿子上学，坐电动车用的。头盔很酷，目镜的清晰度很好，头盔材质很棒，戴在头上也很舒适。小伙子很喜欢，值得推荐一波。,5,2023-01-27 13:03:52
11826890637,产品质量很好，跟网上的一样，没有差别。发货的时候镜片破了，后来?发一个。,5,2018-08-21 08:19:19
19092866113,"质量非常好，与卖家描述的完全一致，非常满意,真的很喜欢，稜全超出期望值，发货速度非常快，包装非常仔细、严实，物流公司服务态度很好，运送速度很快，很满意的一次购物店家很讲信誉，而且很不错哦，在这家店买东东，我很满意~",5,2023-05-08 13:28:27
17955058041,非常帅气，而且质量非常好的一款头盔，带上去就是一个帅字，回头率拉满，夏天带着也不闷，非常的透气，颜值也很高，不用犹豫，直接下单，无雷,5,2022-08-24 00:50:48
17932760404,非常好用，颜色漂亮，戴起来舒服，尤其是后面有反光板，灯光照射下可以被发现，起到反光警示作用，前挡风遮雨板非常方便拆卸，物美价廉，经济实惠，活动买的价格美丽，支持京东商城，支持国货精品店，谢谢！,5,2022-08-19 14:31:38
19041555342,与描述相符 非常满意 服务态度非常好外观给我的第一感觉就十分不错，它的曲线条很工整，然后漆面的颜色也很均匀，没有划伤，然后就是头盔里面的那个下巴带子可以调节松紧的，十分喜欢呢。客服回复也挺快的，一次愉快的购物体验。,5,2023-04-21 13:08:22
12073872121,头盔质量很好，买来下雨天刚好可以用。,5,2018-11-02 20:37:02
17920790498,看了下京东电动车帽子排行榜，这款帽子持续排名很高，所以一口气买了三顶，今天收到货真的很满意，做工质量很好，看上去也挺结实的，戴上去也很舒服。,5,2022-08-16 19:49:51
17520011105,疫情期间送货非常快，头盔质感很好，真是一分价钱一分货，还送了小风车！必须的赞一个！,5,2022-05-21 17:17:44
18362970468,头盔比较帅，看起来有赛车手的感觉，但是也没有那么专业，整体比较厚实，安全性应该比较好的，不过缺点是太阳镜效果不算很好。考虑到这个价格还是勉强能接受了。,5,2022-11-10 18:38:51
17663245830,质量不错，看着很高级，用料厚实，还赠送了反光贴纸，卖家客气，服务周到,5,2022-06-19 20:42:49
17920826924,这款电动车帽子在京东排行榜名列前茅，刚好需要，所以一口气买了三顶，今天收到货真的很满意，做工精细、质量优良，而且还挺结实的，很满意。,5,2022-08-16 19:56:07
18725600962,性价比很高，很好用，京东物流就是快，昨天下单，今天早上就到了，售后保障也是有的，非常不错。,5,2023-01-27 15:37:24
14176506248,京东用了这么久，我一般都是懒得评价的。一百块钱买了一个头盔形状的塑料壳。前沿处一整条的油灰脏污也就算了，还有断裂口子我是没想到的。这算什么？挣政策钱？,1,2020-05-20 21:25:02
18115166672,之前的头盔是买电动车送的，聊胜于无。这款头盔很好，有质感。外观设计符合人体工程学，盔体多处有气孔，久戴不闷热，很人性化。还有后面的反光灯条，夜间骑行更安全。,5,2022-09-25 10:08:30
15845425187,头盔我选的颜色看来没错，而且前面那个透明的面罩挡风沙效果应该会非常好，我敲击了一下帽子感觉质量也不错，反正也带有合格证。,5,2021-06-21 14:36:53
17743970460,"酒花香气：一如既往的好喝，香气浓郁，清爽宜人
口感醇厚：经典青岛啤酒的味道多少年都没变，还是那样的醇正。
麦芽浓度：麦芽浓度高，香喷喷的烤小麦的香味。
品质：品质非常好，就不用说别的，青岛啤酒的易拉罐厚度都要比其他啤酒罐厚实。捏扁以后，边的位置都不会破损。从这么一个小细节就能看出来这款啤酒的质量和诚意。",5,2022-07-06 09:24:18
18446329122,安全帽带着比较舒服。能有效减轻外力对头部的伤害，外壳材质也比较硬。安全帽带着比较舒服。能有效减轻外力对头部的伤害，外壳材质也比较硬。,5,2022-11-27 09:58:35
17320615628,"1、质量非常好，与卖家描述的完全一致，非常满意，真的很喜欢，完全超出期望值，发货速度非常快，包装非常仔细、严实，物流公司服务态度很好，运送速度很快，很满意的一次购物。?
2、收到货，第一时间拆包装，感觉质量还是比较好的，与卖家描述的还是一致的，非常满意，发货速度比较快，物流公司服务态度很好，运送速度很快，总的来说这次是很满意的一次购物，感谢卖家。
3、宝贝收到了，卖家发货很快，物流也非常给力,客服服务态度极好，很有耐心、给人一种亲切感，好喜欢。还有包装精美，高端大气上档次;看得出来商家很用心。宝贝真心不错，与图片相符，没有任何差异，真的是物超所值。
4、我觉得挺好的，买的时候看见评论里都说好就买了，看到发货的时候挺激动的，到了之后，满怀期待一激动得从快递员那里拿回了寝室，试一下，结果挺不错啊！而且客服小姐姐也特别的好，很有礼貌，客服小姐姐也是秒回我的疑问呢，嘻嘻，下次还会回购哒。",5,2022-04-01 17:43:18
11500227328,质量真的很差，实在很差呀，啊,5,2018-05-19 21:18:07
19094607020,真是理想中的物品，骑车上路安全上也有保障了很满意同时也能保护自己带着去上班不会影响视线可以调节本人非常喜欢！时尚舒适，符合年轻人的审美性价比很高拿到手看得满意佩戴合适挺舒服凉快，大小也合适。头盔收到了，打开看了一下，很满意，比我前几次买的好多了，最主要的是头围可以调节大小，这样带起来就不会摇摇晃晃的，质量也很好带起来不是很重，很喜欢，打算再买一个,5,2023-05-08 23:56:59
16720295872,质量差劲到了极致，客服服务也差劲到了极致，处理不了问题直接把顾客拉黑，不能发消息，头盔出了问题，客服直接让找根绳子系着用，买了你家东西，倒霉透顶,1,2021-11-25 14:31:20
17729427957,帽子收到真是太漂亮了，质量真心太好了，带起来太帅了是我喜欢的款式。,5,2022-07-02 21:57:47
18148364083,头盔质量很好，做工精细，戴着舒服，很满意。头盔收到了，质量很好，做工精细头盔已经收到了，质量很好，做工精细，款式时尚，感觉自己头大戴着有点小。,5,2022-10-01 21:02:58
19052892534,高颜值，哑光，质量很好，很愉快的一次购物，推荐,5,2023-04-24 19:10:32
18056225529,非常好用，颜色漂亮，性价比高。反光设计。通风效果还不错哦。既然花钱买了就买个好点的。,5,2022-09-13 12:38:37
17850594978,1、服务好！礼品还真是漂亮，超值！但，有一颗小珠有些瑕疵，这是难免的。尺寸比想象中的要小。总体还不错！2、东西收到，很满意！！京东平台真的是超级好的卖家，解答疑问不厌其烦，细致认真，关键是东西好，而且货物发得超快，包装仔细，值得信赖！3、做工较细致款式，上身比较修身，发货速度快，是物有所值的一件衣衣谢谢。很好的卖家。谢谢喽。我的同事们都很喜欢呢。下次再来哦！4、货物还算可以，样式不错，很合身，只是一些细节上还很一般，没有想像中那么好。老客户了啊，希望以后有更多好东东。5、买了很多东西都非常满意，很好的卖家我会常来的，~卡可以升到顶级了吧不错，面料很薄，春夏交替季节穿合适。,5,2022-07-30 21:07:02
18355809975,戴着还可以，质量也对得起价格，只是这几个字母好像有点刻意的跟某个高端品牌的头盔相似，哈哈哈哈哈哈，给个好评吧，上下班骑电瓶车戴的,5,2022-11-09 11:24:27
18300977336,头盔质量不错，3C认证， 外壳强度还行，四季通用，外观漂亮，戴起来舒适 ，挡风板拆卸方便，京东平台，购买方便，价格实惠，体验不错。,5,2022-10-29 22:44:11
18181573245,实物与描述的一样，质量相当好，卖家态度也好，有问必答，发货速度杠杠的，值得购买，头上有通风口，夏季戴的话还可以凉快一些，感觉不错挺实惠。,5,2022-10-08 10:21:44
18185071753,给孩子爸爸买的头盔！材质轻便结实，用的碳纤维材料，出汗多也不怕，很容易清洁！头顶自带通风口就很透气，外加后脑勺位置有反光标志，晚上开车都很安全哟！笔芯?,5,2022-10-08 22:25:29
18216185042,非常好用，颜色漂亮，戴起来舒服，尤其是后面有反光板，灯光照射下可以被发现，起到反光警示作用，前挡风遮雨板非常方便拆卸，物美价廉，经济实惠，活动买的价格美丽，支持京东商城，支持国货精品店，谢谢!,5,2022-10-15 19:39:03
18052108124,此款头盔整体体验很不错，我买的是带有3C标志，从重量上说够沉，刚开始有些不适应，戴久了就习惯了，而且有反光片，夜晚行车更安全，推荐一下吧。,5,2022-09-12 15:24:23
19090683282,"Andes HELMET骑行头盔值爆了! 超级好用的电动车头盔,带上后不会感觉压头,而且固定扣的大小可以自己调节,固定好之后真的很方便,日常汽车的时候带上也很漂亮,外观简单又大气,手感也好,质量也有保障,真的太好了。",5,2023-05-07 17:47:30
19040612653,京东上搜了好久，感觉这个综合来说很不错，给儿子买的，他也喜欢，就下单了。没想到收到货后还是被惊艳了。首先外观很好看，做工很精致，拿在手里沉甸甸的，内衬防护也不错,5,2023-04-21 06:48:56
17386158471,"用了一段时间，来做一个评价吧，优点：1）款式好看，后面还有反光哪些。2）有通风口，相对来说不会那么闷。3）前面有面罩，可以档阳光。

缺点：1）感觉比较重 2）头盔和垫层中间没有泡沫垫，安全性还是有些欠缺 。

总之，还是物廉价美的。",5,2022-04-19 16:51:56
17945908186,头盔不错，有CCC认证，比我想象中要结实，很厚实。内衬非常舒适，头盔给人满满的安全感，如果只为应付交警重了些，如果为了安全，买他没错，我感觉戴上挨几棒子都没事。,5,2022-08-22 11:12:21
18950376889,三天到货了，国家下达电动车行驶新规后，必须佩戴头盔，从网上看到的这一款头盔后，发现评价不错，销量很高，直接下单了两个，还附赠了防眩光镜片，今天收到货后，很满意,5,2023-03-27 19:25:42
19015950193,帽子外形很靓丽，外形很漂亮，今天戴上之后同事看到还问那个牌子，赶紧把订单给他看，这次一次进了两顶，给自己和闺蜜订了两顶女士的，夏天防晒也很好！,5,2023-04-12 16:28:56
11317206712,物流给力！卖家也很礼貌。,5,2018-03-17 10:57:15
15669122377,发货和物流很快，包装很好，头盔非常轻便，大小合适，颜色鲜艳，非常漂亮，车锁很结实，头巾面料很舒服，透气性好，图案很好看。造型漂亮，轻便又结实。还送了手套、头巾和头盔背袋等，真是非常惊喜！,5,2021-05-13 21:21:40
19008041103,两个护目镜，一个黑色一个透明的，试了一下安装简单，,5,2023-04-10 10:54:00
11038937631,头盔已经收到，怎么掉了两块漆呢！,5,2017-12-04 07:37:47
15796235780,"满意的一次购物
商品打包的很严实，挡风镜单独做了包装，安装也很方便
打开外观看着很漂亮，银灰色也是我很喜欢的颜色
材质感觉还不错，很有质感，内衬结实，做工细节都很棒
试戴了一下，真正好，视线清晰，头部尺寸大小都挺合适",5,2021-06-12 11:26:38
11317207405,此用户未填写评价内容,5,2018-03-17 10:57:27
19072051469,真的很喜欢，完全超出期望值，发货速度非常快，包装非常仔细、严实，运送速度很快，很满意的一次购物物流超级超级快！质量也非常不错，的确物有所值！,5,2023-05-01 06:36:28
17404938669,头盔样式十分酷炫，带上这个头盔，秒变整条街最靓的仔。后面一群人追着我，想看我的头盔样式，我告诉他们，这么好看的头盔，得看戴在谁头上，不是随便一个人都能戴好看的。,5,2022-04-24 08:56:56
17706341737,物流还可以，外包装完好，物品看起来还不错,5,2022-06-27 20:29:59
18898349507,质量很厚实，内衬质量很好，不咯头,5,2023-03-14 18:08:57
17800937656,第一次购买咱家的安全帽，颜值特别高，带着出去特别拉风，挺厚实的，四季可以常带，但是夏天稍微会热点，不过不影响整体效果，还是推荐大家的,5,2022-07-19 22:50:10
18179638273,感觉还不错与~上这个价格的相比要好些唯一瑕疵的是前面的墨镜有点损坏可能是运输损伤,4,2022-10-07 21:55:33
17616864714,比我预想中的要好啊，之前看了评论有的评价不好，但是买来发现这个价格的头盔物超所值了。还送了小礼品。头盔很厚实，比我之前买的30的头盔好太多了很好,5,2022-06-11 14:15:28
18038468881,"收到货，第一时间拆包装，质量非常好，与卖家描述一致，完全超出我的期望值，包装很仔细、严实，总的来说这次是很满意的一次购物，感谢卖家。

②正品，质量好，价格低，性比价高，物美价廉，物有所值，朋友看了都说好。客服服务热情都到。物流很给力

③包装很好，快递给力，卖家很有信誉，发货速度也很快。价格更是比别家的实惠多了

④质量非常好，与卖家描述的完全一致，完全超出期望值，包装非常仔细，很满意的一次购物

⑤刚收到货有点不懂得该怎么使用，咨询了一下客服，没想到客服的人超好，介绍得超仔细的

⑥到货很迅速，质量也不错，好店铺，推荐了~还在观望的朋友们可以毫不犹豫的下手啦！

⑦六星好评，多一星不怕你骄傲，还在犹豫的朋友赶紧下手，良心推荐，真的很不错，性价比也很高，以后还在这家买。总之：满意！满意！满意！

⑧真的超级喜欢，非常支持，质量非常好，与卖家描述的完全一致，非常满意，完全超出期望值，发货速度非常快，包装非常仔细、严实，物流公司服务态度很好，运送速度很快，很满意的一次购物呢~~~",5,2022-09-09 11:52:54
18769280075,货真价实，这款安全帽实实在在的质量好。,5,2023-02-10 12:39:58
17916608150,商品和介绍的一样，我喜欢的颜色有点磨砂，拿在手里重量正好，护目镜?不错，后面的提示灯应该是个亮点，做工挺细致的，点赞?,5,2022-08-15 18:14:46
18211671841,款式精致美观大方，很厚实但不会很重，质量很好，挺满意的一次网购。,5,2022-10-14 21:33:31
17909061601,真的很不错很喜欢,5,2022-08-14 00:25:03
19097178799,这个价格还是很好接受的   前面的板有两对可以替换。开始用的时候超清。看起来很舒服  做工也是很精致吧  没什么大味道。。。。。,5,2023-05-09 21:07:31
19084439944,还是带上头盔比较安全 警察叔叔也经常查 一次很好的购物体验，服务周到，物流快速，配送也很周到，态度也很好，物有所值啊，果断好评！,5,2023-05-05 15:15:07
19023607514,头盔非常的不错，非常满意，就是有点重，可能是头盔比较厚的原因，戴久了脖子会有点累，但总的是体验非常好的！头盔非常的不错，非常满意，就是有点重，可能是头盔比较厚的原因，戴久了脖子会有点累，但总的是体验非常好的！,5,2023-04-15 10:46:12
19086989080,非常不错的头盔，设计精美，质量很不错，戴在头上也很舒服，不会有压迫感，对头部的保护很到位，整体看上去也很美观，满意的购物体验。,5,2023-05-06 12:53:23
15845413736,头盔带有合格证，颜色也很漂亮，前面的透明面罩能够挡住风沙。,5,2021-06-21 14:35:26
17640378150,头盔还行，很轻快，带着不会脖子难受，颈带的做工也还可以，收放都自如。遮阳镜要自己安装，看的也很清楚，头盔前面有通风孔，可以开关透气,5,2022-06-16 00:08:02
17697963192,非常好用，颜色漂亮，戴起来舒服，尤其是后面有反光板，灯光照射下可以被发现，起到反光警示作用，前挡风遮雨板非常方便拆卸，物美价廉，经济实惠，活动买的价格美丽。支持京东商城，支持国货精品店。,5,2022-06-26 06:15:38
17697702754,非常好用，颜色漂亮，戴起来舒服，尤其是后面有反光板，灯光照射下可以被发现，起到反光警示作用，前挡风遮雨板非常方便拆卸，物美价廉，经济实惠，活动买的价格美丽。支持京东商城，支持国货精品店。,5,2022-06-26 01:01:41
17713196191,买了黑色的，物美价廉，物超所值。和图片完全一样。尾部有亮灯显示，质量很好，款式也很好看。物流的速度也还可以，还是值得推荐的。,5,2022-06-29 11:02:09
18909194903,头盔针不戳，春天戴正合适，戴着刚刚好,5,2023-03-17 19:00:28
16328671191,适合我真的不知道你们的产品这么好！比我想象的还要好！明天骑车去了&hellip;为自己庆祝一下八月十五.???下回再次光顾！,5,2021-09-19 14:29:41
17472311710,给家里人买的头盔，磨砂质感的，而且外观看起来也很酷，大小尺寸可以调剂头大头小都可以戴，而且内部也很柔软带起来很舒服，平时骑车戴也保障了安全，推荐推荐物超所值,5,2022-05-10 14:27:17
18999980428,插扣很松，骑车戴头上，绳子会自己松开,1,2023-04-08 12:20:56
17467956802,发货速度很快，包装精美，快递小哥很给力！还送了好多小礼物，太喜欢了，颜色好看，大小刚刚好，紧松自由调节！赞一个，值得购买！,5,2022-05-09 15:08:38
19094731659,质量很好，颜色我也很喜欢，是我想要的，喜欢的抓紧下单吧,5,2023-05-09 04:47:30
19097114364,商品收到了，看着颜色非常喜欢，然后质量非常好，建议入手，很完美的商品。,5,2023-05-09 20:46:27
17945939072,头盔收到了，质量很好，尺寸大小合适，外观好看，很轻便，一点都不重，一年四季都可以用，可拆卸很方便。价位合适，值得购买。,5,2022-08-22 11:19:17
18849110968,东西收到，很满意！！京东平台真的是超级好的卖家，解答疑问不厌其烦，细致认真，关键是东西好，而且货物发得超快，包装仔细，值得信赖！,5,2023-03-03 21:39:51
17513421269,头盔很帅气，买的3C认证款，质量有保障，戴上挺舒服！价格实惠！黑色镜夏天遮挡阳光，也可以单独再买个白色透明镜替换！很满意！,5,2022-05-19 23:19:01
17506484048,点赞好评，头盔很有质感，表面磨砂的，也不容易刮花，系**拉也很顺畅，护目镜防强光的，看太阳也不刺眼，值得拥有的一款头盔。,5,2022-05-18 12:07:41
18254397969,"非常好用，颜色漂亮，戴起来舒服，尤其是后面有反光板，灯光照射下可以被发现，起到反光警示作用，前挡风;遮兩板非常方便拆卸，物美价
廉，经济实惠，活动买的价格美丽，支持京东商城，支持国货精品店，谢谢！",5,2022-10-21 17:02:49
17911691598,宝贝已收到?，超级喜欢，颜值高又实用，超级喜欢！???宝贝确实很棒，个人非常喜欢，朋友也说好来着，推荐购买这家店还好吧。来买过几次了，服务老客户非常周到，以后还常来！一打开，看到包装，太可爱了，超级喜欢！东西也喜欢,5,2022-08-14 16:22:18
18876292836,此用户未填写评价内容,5,2023-03-09 14:04:31
17491743371,头盔不错，值得购买,5,2022-05-14 20:25:16
18810035374,东西按计划到手了，跟预想的应该差不多，就这个价格你想要这个东西非常好，是很困难的，应该说模具做的只是一般般，把这个护目镜按上去有点困难，模具有瑕疵。有些地方有毛刺，必须要自己处理一下。,5,2023-02-20 19:38:00
16011101658,电动车头盔(半覆式)收到了，该头盔外观好看，设计科学，材质好，质量好。此头盔具有夏天清凉、防晒镜片、轻量化盔体、可调节头围等特点，戴着舒适，背后还有反光标识，夜晚行车更放心，可以安全使用。产品包装完好，宝贝价廉物美，好用不贵，值得购买。商家发货很迅速，服务态度好，顺丰快递真快，是一次满意的购物！,5,2021-07-20 10:02:23
18119065283,用了差不多两个月才来评价，帽子质量很好，价格很实惠的！有喜欢的朋友放心下单！不是那些地摊货能比的,5,2022-09-25 23:36:12
16339364334,头盔到货挺快的，发的丰网快递，从广东佛山发货的，昨天上午拍下，今天上午就到了。头盔戴着挺好的，又是我最喜欢的粉色，防晒又淋不到雨。就是这大热天戴着好热啊，戴了一会就流汗了。没有办法交警天天都在抓车，必须要戴头盔才可以。这都是为了我们自身的安全着想，所以我们还是乖乖的遵守交通安全规则吧。,5,2021-09-21 11:53:35
18709671813,货刚刚收到，质量很好，拿在手里沉甸甸的，几十块钱的价格买到这种质量的头盔，也算挺好的了，主要还是3C认证的，就是买的安全，不是吗?,5,2023-01-19 06:05:48
17697311999,总体还可以，用了一两天发现点问题，一是，第一天的时候头盔顶部轻轻摩擦了哈就露白，太阳镜宜划伤，二是，太阳镜正前面的凹槽设计有待改善，如果把太阳镜全拉下来，凹槽边缘线非常影响视线，个人觉得凹槽弧度小一些或者不要凹槽会好些。,5,2022-06-25 22:40:06
17922637423,自己买了这款3c头盔，安全有保障了，戴上觉得非常不错强，又推荐给了同事，收货后他也很满意，安全系很高，质量很好，镜片很清晰，这个颜色很好看，很喜欢，质量还是挺强硬的，戴起来很炫，用了质量很不错防护效果很好,5,2022-08-17 10:23:05
18976333698,头盔很好，很结实，款式非常好看，很有安全感，非常好。,5,2023-04-02 00:19:38
17570210211,包裹很严实，头盔很漂亮，塑质的，但是感觉很结实。安装遮阳镜面有点需要技巧，对准松紧扣压紧，然后再松开松紧扣，其实也挺简单的，效果不错，挺满意的。有点不平整的小瑕疵，不影响使用，好评。,5,2022-06-02 09:32:10
18287245538,我真的非常喜欢它，非常支持它，质量非常好，和卖家描述的一模一样，我非常满意。我真的很喜欢它，它完全超出了预期的价值，交货速度非常快，包装非常仔细和紧凑，物流公司有一个良好的服务态度，交货速度非常快，我非常满意购物,5,2022-10-27 09:05:24
15728122871,新**的交通法规，骑电频车必须带头盔。为出行方便，赶紧在京东网浏览，看到这家的这款头盔销量大、客户评价也不错，就下单买了一个。货已收到，实物还蛮好看的，试戴一下感觉也不错，很满意！,5,2021-05-28 10:49:28
17626840237,这款安全头盔很不错，外观造型很漂亮也很有型，头顶还有两个进风口，夏天带着也不用担心捂热了。大小也正合适，我头围56，到这个正好，大小也可以调节。不错不错不错！,5,2022-06-13 12:19:18
17497905966,发货快，包装完好无损，宝贝与描述相符，价格合理，做过好，使用方便,5,2022-05-16 12:05:08
19045161248,做工是非常的差劲，真的是绝了，要不是急着用绝对退了，严重质疑3C标准有没有达到，准备买的还是要换个品牌吧,5,2023-04-22 17:19:32
18071119222,大小合适，也很漂亮，光滑无磕碰无划痕，内衬舒适，快递也很给力，非常好！,5,2022-09-16 17:47:04
18804646014,价格很实惠，性价比很高，算是平价好物，戴着好看轻松，有较好的防护功能!,5,2023-02-19 15:28:46
17674585962,很满意，设计很贴心，内衬可以拆卸，还可以自由调节，头盔戴上感觉很轻，骑行没有束缚感，顶部设有两个透气孔，空气可以进入盔内，循环散热清凉透气，关键还是3C认证，戴着安全放心！,5,2022-06-21 17:17:06
18139246933,头盔质量不错，选的粉色实物颜色更漂亮，光泽度很好，没有异味，材质比较放心，里面很柔软，戴上很舒适，围脖加绒，毛毛很暖和，也可以拆下来，比较方便，这样冬天骑车再也不怕冷了，价格也比实体店实惠，真是买的很值。,5,2022-09-29 20:57:32
18782221472,感觉款式还是可以的，护目镜有两款，一款是透明的，一款是防紫外的吧！而且还有品牌标签。手感不是很轻的那种。质量方面等使用后再来追评吧。,5,2023-02-13 19:17:49
18066872233,这发货和快递的速度可以用飞来形容！外包完整无损内包精心细致。头盔质量很好非常精美。护目镜清晰透明，卡扣灵敏紧实摘戴非常方便。,5,2022-09-15 18:42:06
17987533603,"收到货，第一时间拆包装，质量非常好，与
卖家描述一致，完全超出我的期望值，包装
来说这次是很满意的一次购物，感谢卖家。
正品，质量好，价格低，性比价高，物美价
廉，物有所值，朋友看了都说好",5,2022-08-30 15:06:29
19020623330,几以前几乎从未认真评价过，也不知道浪费了多少分。我听说评价中有100多个单词，基本上是每周访问一次。在京东购物太方便了，根本停不下来。从那时起，购买日用品时首先想到的就是京东，它是真正的。起初我很担心。现在我习惯了，这真的很好。现在我必须给更多的~。我下次会再来。我一直在购物。它仍然是一个非常好的宝贝。真的很好。这是值得的。网上买一次也没用。它还没有安装。我一次买了两个。大品牌值得信赖。,5,2023-04-14 09:38:50
17862206899,购买了两顶头盔，一白一红，总体的来说，价格实惠，头盔质量很好。一是头盔造型优美，用料很到位，用手挤感觉很结实。二是前后设有通风孔，佩带较凉快。三是后边设了一个反光块，晚上出行更安全。四是头盔大小可调节，方便了使用。五是服务热情周，物流很快，尤其是收到头盔后，一块镜片在物流环节碰坏，向客服反映后，当天就补发一块镜片，今天已完好无损收到。以后有需要还会回购，也推荐大家购买。,5,2022-08-02 11:56:44
16106131375,质量看上去不错，大小也合适，帽子后面有反光条很贴心，就是包装简陋了些，里面没有防挤压的东西，如果运送过程再粗暴些，就会损坏物品的,5,2021-08-08 12:03:17
15585198642,头盔包装很好，快递真快。最主要的是质量杠杠的：色彩靓丽，为了安全选择了醒明的红色，流线型的造型风阻小，尾灯很好，为安全更添一码。总之性价比很高，值得购买，五星好评必须的！,5,2021-04-21 14:43:07
18782470440,这个头盔非常的好，个人也很喜欢，商家发货很及时速度很快,5,2023-02-13 20:22:18
17700229049,比较轻盈的头盔，做工还算可以，毕竟这个价格，性价比挺高的。比较贴心的是后面还有反光材质，夜间佩戴更安全。特别适合夏季佩戴，不会闷热。,5,2022-06-26 15:54:03
18350616810,非常好用，颜色漂亮，戴起来舒服，尤其是后面有反光板，灯光照射下可以被发现，起到反光警示作用，前挡风遮雨板非常方便拆卸，物美价廉，经济实惠，活动买的价格美丽,5,2022-11-08 11:57:06
17692693732,包装完美，价格实惠，戴起来合适,5,2022-06-24 23:37:54
17993636523,头盔很紧实，戴着也舒服，里面不空，就是小飞机吸不住,5,2022-08-31 18:23:55
18333107081,很划算的一次购物，非常棒头盔质量很好，拿在手里很有质感，物流也很快，双十一购买的，比平时便宜，买了2个，一个黑色，一个白色，非常不错，京东值得信赖，赞,5,2022-11-05 09:20:53
17634917937,好看，又是磨砂面的，看起来高大尚一些，镜片也比较好，能遮挡阳光，两侧有气孔，不会感觉捂热,5,2022-06-14 20:58:28
17270953546,我买的米白色，非常好，惊艳到我了，非常值这个价，,5,2022-03-19 19:30:22
17395031977,很满意的一款头盔，质量很好。,5,2022-04-21 17:15:57
17798270692,首先就从价格这方面来说，就非常合适。其次，材质表面是哑光的，摸起来感觉挺好，佩戴非常舒适，基本头大头小都是可以戴的，从细节方面来看，也是挺好，顶部设计的有排气孔，可开合。后边有反光设计，有遮光眼罩，可拆卸，卖家还送了个小风扇装饰品，总体感觉不错，值得推荐,5,2022-07-19 12:51:10
18949809841,下单送货效率高，包装完好无损；遮阳帽安装非常方便，很牢固；适合夏季，安全兼具舒适，重量轻便，外观颜值高；性价比相对高，适合入手！,5,2023-03-27 17:05:33
18125900146,这款黑色电动车头盔老婆大人非常喜欢。不仅外表看起来非常酷炫，回头率很高，而且质感摸起来也很棒，用料、质地没得说，在安全、性价方面比我以前买的头盔都好很多！,5,2022-09-27 10:14:12
18688746134,几以前几乎从未认真评价过，也不知道浪费了多少分。我听说评价中有100多个单词，基本上是每周访问一次。在京东购物太方便了，根本停不下来。从那时起，购买日用品时首先想到的就是京东，它是真正的。起初我很担心。现在我习惯了，这真的很好。现在我必须给更多的~。我下次会再来。我一直在购物。它仍然是一个非常好的宝贝。真的很好。这是值得的。网上买一次也没用。它还没有安装。我一次买了两个。大品牌值得信赖。,5,2023-01-13 12:26:30
18079557451,不错，挺好的，成功的购物，下次还买,5,2022-09-18 14:17:43
18267407208,头盔已收到，与图样相符，质量不错，做工也不错，有3C认证，值得信赖的产品。虽然是第三方发货，物流也还可以，不错的购物体验，后续需求会继续进店购买,5,2022-10-23 20:23:59
18252686432,质量还可以，看起来很坚硬,5,2022-10-21 11:57:48
17829834550,头盔收到几天了！做工，质量都蛮好的！现在戴在头上也不会感觉到闷热!,5,2022-07-26 16:39:37
17943178286,头盔还不错，外包装破损严重，京东购物第一次发生这样的事情。,5,2022-08-21 19:04:57
18972314302,这个价格仍然很划算。经济、便宜、质量非常好，与卖方描述的完全一样。非常满意，完全出乎意料，超划算，划算，购物比实体店便宜多了，非常满意网上购物。我希望卖家的生意会越来越红火，物流会越来越快，包装会越来越结实。六星表扬，多一星不怕你骄傲，犹豫不决的朋友会很快下单，这是良心的推荐。它真的很好，而且价格也很高，所以你将来可以在这里买。给三个好评就满足了！满意了！满意了,5,2023-04-01 12:21:46
18385013399,快递速度可以，上次买了一个被人偷了，又买一个，质量优良没问题，不比那些一百多的质量差，就是顶部容易划伤，注意点就好了，不要顶部朝下放置,5,2022-11-14 08:20:21
18752534231,好看，很科技，很可爱，很时髦，外观特别棒，材质也很好，外部很硬，里面够软，戴着很舒服，还有透气孔可以调，不热，防风镜也可以防炫光，不错！,5,2023-02-05 12:12:57
19042693678,物流很快，发货也很快，头盔质量很好，戴着舒服，好评！,5,2023-04-21 19:44:52
18637012827,3C认证更安全。夏天一个，冬天一个。一定是街上最靓的仔。如果冬天的那个也有后面的反光灯就好了。送的那个反光贴。也是很不错的。但是感觉就是夏天的送了三个冬天的只送了一个，怪怪的。,5,2023-01-01 19:54:08
18637002574,3C认证更安全。夏天一个，冬天一个。一定是街上最靓的仔。如果冬天的那个也有后面的反光灯就好了。送的那个反光贴。也是很不错的。但是感觉就是夏天的送了三个冬天的只送了一个，怪怪的。,5,2023-01-01 19:53:21
17487380765,看上去挺结实的，因为是刚买的电动车，也不知道哪一款头盔比较好用，只选了这一款看的是评论说的挺不错的，而且这个价格不算，很贵又不算很便宜中等吧，先买了一个试一下，觉得不错已经在回购了一个很快就能收到货不错的。,5,2022-05-13 20:27:19
18090588586,质量很好，戴着舒服不压头。,5,2022-09-20 15:42:23
17548863118,头盔很满意，戴上试了一下大小合适，重量适中，客服商家很给力，一次不错的购物。,5,2022-05-28 11:37:55
17755088774,很不错  试戴了一天  非常满意  值得购买,5,2022-07-08 21:53:39
18933708862,"质量非常好,与卖家描述的完全一致, 真的很喜欢,完全超出期望值,发货速 度非常快,包装非常仔细、严实,物流公司服务态度很好,运送速度很快,很满意的一次购物质量很好, 希望更多的朋友信赖. 店主态度特好, 我会再次光顾的好卖家 赞，发货迅速，态度很好，很满意！很好很好！网上购物这么激烈，没想到店家的服务这么好，商品质量好而价低廉， 很热情的卖家，下次还来希望下次还有机会合作祝你生意兴隆质量非常好，出乎我的意料包装非常仔细。下次有机会再找你，店家人蛮好的，东东很不错,淘到心意的宝贝是一件让人很开心的事，比心，质量非常好,与卖家描述的完全一致, 真的很喜欢,完全超出期望值,发货速 度非常快,包装非常仔细、严实,物流公司服务态度很好,运送速度很快",5,2023-03-23 17:21:55
18079332718,外壳厚实，内衬佩戴舒适，质量非常好，物有所值,5,2022-09-18 13:26:52
17915082193,物流超级快，东西不错，性价比高。,5,2022-08-15 11:57:26
17918848683,非常非常好，这个品牌质量非常过硬,5,2022-08-16 11:52:04
18338853915,为了自己的安全特意上京东搜索我下，大街上好多卖2030的和这个质量没法比，这个还是3c认证的，为哦自己的安全着想，还是要买有保障的,5,2022-11-06 10:14:51
18898888851,不错，好看，帅气，,5,2023-03-14 20:55:03
18284567652,物美价廉，很OK，比实体店优惠太多了这个产品和它价位相比来说，还是很合适的?超级好用！还很美观！墙裂推荐！有需要再回购！产品包装精致美观大气，目前用着非常不错，真实评价，希望可以帮到集美们,5,2022-10-26 17:34:24
19055126666,给父亲买的头盔收到了用着还可以，父亲很喜欢，物美价廉值得购买。,5,2023-04-25 15:05:31
17868502727,已收到！质量很不错，物超所值！,5,2022-08-03 21:10:18
17831394210,商品做工较细，式样好看，物流也较快，美中不足，稍有点小，按我帽子60公分，物品标码55一62大度稍有不付，其他一切都好，特别是价格比较亲民，头稍小点的亲直得推荐，五星好评。,5,2022-07-26 19:48:07
17972595129,头盔非常不错，3c认证的头盔，品质有保障，发货速度也挺快的，包装也可以，还送了几个小配件，非常值得推荐的一款头盔，这下骑电动车就有安全保障了。,5,2022-08-27 14:35:12
17823759393,家里有全盔，夏天戴太热，寻思着买个夏天戴的半盔。看了很多家，这家是有3C认证的头盔里最便宜的。到货后感觉质量确实不错，挺重，做工也可以，款式非常时尚。,5,2022-07-25 13:53:36
18194536976,"造型设计很大气、好看、有个性！
前面有两个透气孔，可以打开和关闭，下雨时和冬季关闭雨水和冷风进不去！
后面两个透气孔是常开的！",5,2022-10-10 23:46:42
19046462443,马上夏天啦，一直想买一只质量好一点的头盔，在京东上反复找了好几家，最终确定选这款，心里还有点忐忑，毕竟图片与实物有点区别的。还好，二天后就送到了，戴上试了3天感觉挺好，毕竟有那么多人买这款头盔，有它的优势所在。值得,5,2023-04-23 06:27:57
19093157535,大小合适，戴着舒适，非常喜欢,5,2023-05-08 15:14:01
18076029336,快递无损，买的哑光黑的，性价比超高，无论从质感手感和做工都对的起这个价格，设计的很前卫，整体重量也轻，通风也不错，后面还有反光标识,5,2022-09-17 19:42:20
19034370203,头盔很好看，快递很快，服务态度好,5,2023-04-18 22:44:19
18142165580,头盔做工可以，有3C标志，磨砂黑的，有质感。卡扣灵活方便，短款镜片的，不适合戴眼镜的人士佩戴，镜片有时候会碰着眼镜，不方便。,5,2022-09-30 14:03:13
18038247202,头盔还不错，质感挺好，戴着也不挤脑袋，就是稍微有点重，可能这也是头盔硬的关系吧，这种头盔带起来放心一些！头盔还挺好看的！很适合我！,5,2022-09-09 10:59:25
19062813062,质量完美还送了一个透明的眼罩,5,2023-04-28 09:20:17
18004761775,商品手工不错，戴起来刚好合适。,5,2022-09-02 21:10:21
18878632670,有点重，还挺结实的，看着不错，里面有三c标,5,2023-03-09 23:12:44
18151171131,非常好，质量超级好，非常的喜欢，还会再来买，质量非常好、比一般的都好，很好，不错，会推荐朋友来，里面还有一层很厚，非常不错,5,2022-10-02 13:42:47
18155255375,很好，物流很快，东西很给力，性价比很高！头盔很结实，戴上挺酷的，有防风镜和反光贴，需要自己安装，客服也给了教程，好评！！,5,2022-10-03 10:17:19
18015223168,家人送孩子上学，郑州整赶上严抓电动车不带头盔的，九月份也快开学了，果断下单买了两个，物流挺快的，第三天就到了！看看质量还可以吧！,5,2022-09-04 19:46:36
17978823939,头盔很不错，非常满意。这个价格买到的头盔非常棒了，首先重量来讲很厚实，很厚重，用手敲着材质也很不错，外观时尚简洁，非常喜欢的一款。,5,2022-08-28 19:55:25
18113772276,下单的3C的，还可以，时尚，做工较为细致，同事们见着我买的，都问在哪平台上买的，我把连接发给了他们，购买了好几个呢，物流也给力，很快就送到了。,5,2022-09-24 23:14:55
17934125181,现在骑电动车都必须戴头盔，交警查的很严。为了自身的安全着想，头盔也必须得戴。买就得买好的，这款头盔是获得认证的，安全性应该有保证吧！,5,2022-08-19 19:48:45
17736363127,不错，质量过硬，不亏是3C认证，质量杠杠的。外型也好看，买了米白色，颜色非常漂亮。,5,2022-07-04 14:33:15
17515662295,我们这严管了，骑电动车需要戴头盔，不戴，揪住一次就是罚款50。现在骑电动车摔倒的事件也不少，因为碰撞，因为路滑，因为心慌急刹。如果不佩戴头盔，一旦摔倒，很慢保证吃不吃席。但佩戴了头盔，只要质量没问题，就可以很大概率避免吃席。这款头盔做工相当不错，不仅我喜欢，同事们看到了也都爱不释手，可惜，竹蜻蜓被调皮的同事摸掉了，我回头再想办法粘上。,5,2022-05-20 15:32:54
18049235362,给孩子买的，电动车必备品，东西已经收到！手感不错！用料扎实！质量很好！平常用基本没有问题！东西质量还可以，快递速度也很给力,5,2022-09-11 21:16:25
17994078859,现在骑电动车查头盔查的也比较严，就在网上找了找，看到这个价格也可以，然后就买了，看了几个颜色，选择了黑色的，黑色的百搭，不错。,5,2022-08-31 19:57:25
19091083986,可以，质量挺好，就是戴久了还是有点夹头,5,2023-05-07 20:03:25
17817699983,头盔质感非常好，很厚实，比一般的头盔都有质感。而且纯黑色的简直帅爆了，外表这个哑光磨砂的色泽确实让整个头盔还显得大气，整体价格也不高，因此性价比是非常高的。,5,2022-07-23 23:21:21
17997728412,一分钱一分货，质量确实好很多，头盔很结实，看着不容易裂开。期待它能保护我每天**安安去上班，顺顺利利回到家，为我接风挡雨。,5,2022-09-01 15:42:38
18104771562,头盔还是很不错的。看做工挺精致的，颜色也好看。大小合适，没有什么异味。很不错,5,2022-09-23 10:08:00
17545460866,质量很好的头盔，戴上舒服。风挡透光性好，能清晰看到外面，安全有保障。装上顶部的装饰，很Q,5,2022-05-27 14:07:51
18077268978,材质结实，物超所值,5,2022-09-18 01:16:55
17426713869,骑电动车必须戴头盔，于是买了这个帽子，帽子带着舒服，夏季不太闷，颜色和样子好看，后面有反光镜，晚上出门安全，价格实惠，京东运输快，送货及时，推荐大家购买。,5,2022-04-29 16:35:32
18828131627,帅气，磨砂带有质感。一分钱，一分货。,5,2023-02-26 08:29:44
17451353774,质量太差，做工太差！客服答非所问！还给我发问号?，简直了。。。,1,2022-05-05 18:14:43
18926658391,质量看起来很好，用料比较厚实,5,2023-03-21 21:41:11
15776685891,包装挺好的，物流速度也挺快的，发货快，物品完整度高，跟原图符合，拿到手挺好看的，用起来也不错，大小合适，外观挺好看的，摸起来也不错，值推荐购买,5,2021-06-08 00:01:25
17597009577,已经戴过了 自我感觉良好 还有这么个小可爱,5,2022-06-07 14:19:22
17418528777,质量差可以理解，毕竟便宜，但是你包装好歹完善点吧？还没戴就坏了,1,2022-04-27 15:45:36
17692708655,给老公买的，他头围偏大，不太好买，对比了好多家才决定买这个，收到之后很合适，也很厚实，里面可以调节大小，头围小的也能用，遮光片也很清晰。,5,2022-06-24 23:45:27
16034802786,发货速度很快，东西包装的很好，价格优惠，我很满意?，还会回购。没有任何异味。值得购买。,5,2021-07-24 19:41:01
17679463772,超级好，大小可以调节，很方便，我买了后，又给我朋友买了一个，而且非常的上档次，最主要还结实耐用，简直太完美了，大赞，后续还会推荐朋友来,5,2022-06-22 14:33:05
17864322641,头盔已收到，感觉挺好。,5,2022-08-02 19:47:03
18878355715,发送迅速，大体做工还算可以，主体用料也算厚实。可惜包装小气了点，泡泡胶都没，导致挡风镜在中间早早就开裂了（镜片本身偏软薄也是一方面）！而盔体只到62没到65算不上大，可况整体深度不够，包护性有限。。。当然给小朋友戴或者用来骑个自行车还是将就能用。,3,2023-03-09 21:38:38
19020076910,我真的非常喜欢它，非常支持它，质量非常好，和卖家描述的一模一样，我非常满意，我真的很喜欢它，它完全超出了我的预期，发货速度非常快，包装非常仔细和紧凑，物流公司的服务态度非常好，发货速度非常快，我对购物非常满意。,5,2023-04-13 23:11:02
18925688617,京东快递没的说，速度快，服务好，以后还在京东买东西，放心，每样产品都是经过严格的筛选审核，我也是老顾客了，大到大家电，小到财米油盐，真的是贸易，已经有天猫，现在基本没在天猫上下过单，估计这就是信任吧。,5,2023-03-21 18:29:49
18692662943,这个价格仍然很划算。经济、便宜、质量非常好，与卖方描述的完全一样。非常满意，完全出乎意料，超划算，划算，购物比实体店便宜多了，非常满意网上购物。我希望卖家的生意会越来越红火，物流会越来越快，包装会越来越结实。六星表扬，多一星不怕你骄傲，犹豫不决的朋友会很快下单，这是良心的推荐。它真的很好，而且价格也很高，所以你将来可以在这里买。给三个好评就满足了！满意了！满意了,5,2023-01-14 12:27:08
18276070964,整体比较结实，有3C认证。带起来没有什么不适，就是前面的塑料罩有点小，骑车速度快了，有风进入眼镜,5,2022-10-25 10:48:57
17813357798,头盔质量特别好，比之前在店里买的质感还好，安全问题不容忽视，款式也很好看，价格也适中，很不错的一款头盔，大家可以放心购买！,5,2022-07-22 21:38:34
17777576711,物流很快，两天就收到货，头盔的质量很好，颜值高，大小合适可以自由调节戴上很舒服，分量也很轻，没有廉价感，性价比高，推荐购买。,5,2022-07-14 16:20:28
17770526754,很满意，跟预期的一样的好,5,2022-07-12 19:50:58
17696064753,"物流速度很快，头盔也很适合，夏天戴上也不热，防晒效果也不错，用的来说挺好；
就是尺寸稍微有点不合适，不过问题不大，客服态度也很好",5,2022-06-25 17:58:39
17894149009,帽子带着是真不错，唯一不足的就是不通风，留的2个进气口貌似不怎么管用，不知道是啥原因带了几次有点味道，不怎么好闻。,5,2022-08-10 11:17:20
17188146645,不错，外观好看，质量也不错，推荐购买,5,2022-02-28 10:18:09
17991998750,棒棒哒，价格很优惠，总而言之挺好的，还会再买宝贝收到，一如既往的好，包装很到位，质量还不错，很喜欢，大品牌值得信赖物流很快，质感很好，很漂亮，很喜欢价格非常的美丽，东西还是不错的物超所值，话不多说，这四个字已经说明了一切大品牌!值得信赖的!效果超级好!贵有贵的道理!很棒的商品!是理想中的产品，质量不错，物流也很快，值得点赞!实物与描述的一样，质量相当好，卖家态度也好，有问必答，发货速度杠杠的，值得购买哦非常值得信赖，为京东点赞。,5,2022-08-31 12:36:41
17537391258,质量很好，品质保证，全五分好评！,5,2022-05-25 16:33:51
15755677137,正品，质量好，价格低，性比价高，物美价廉，物有所值，朋友看了都说好。客服服务热情都到。物流很给力包装很好，快递给力，卖家很有信誉，发货速度也很快。价格更是比别家的实惠多了质量非常好，与卖家描述的完全一致，完全超出期望值，包装非常仔细，很满意的一次购物质量很好，客服态度也特好，会再次光顾的，物流非常快,5,2021-06-03 18:03:26
19005815756,?非常漂亮，做工精细，颜值担当，非常方便，?喜欢的朋友可以下手！宝贝收到，物流很快，描述相符，比较满意，好评，推荐,5,2023-04-09 14:59:53
17605706477,安全电动车头盔，四季电瓶车头盔，春夏季头盔轻便好用，半覆式四季通用半盔，升级3C款，质量很好很喜欢。感觉很结实，有点厚重安全感。,5,2022-06-09 09:42:11
18778183956,东西很好，包装完好。正规品牌，质量很好，值得信赖。戴上很舒适、美观大方。能有效防护，安全可靠。快递给力。,5,2023-02-12 17:14:59
17740475066,很喜欢这个头盔嗯，感觉很坚固安全。选择黑色比较有质感，感觉戴起来很酷的样子。下次再买一个带人同时也带上，感觉很有安全感。,5,2022-07-05 12:41:22
18499306912,快递收到了，给娃买的，还可以，挺好的,5,2022-12-09 13:50:19
16122624445,质量非常好，非常满意的一次购物。客服有问必答，非常专业总体来说，确实很不错，客服的服务态度也很棒，说话几乎马上就会回消息，物超所值，真心推荐宝贝收到了，和描述一样，很喜欢,5,2021-08-12 11:07:47
19082549236,质量很好，目镜安装也很方便，店家还送了透明和茶色两种目镜，想得太周到了，好评！,5,2023-05-04 21:10:40
18586114175,帮邻居买的，她喜欢一年四季戴全盔，颜色耐看。做工也还行，镜片清晰，3C认证的用着放心，质量没问题。安全骑行的必须品，一头一盔戴起来。,5,2022-12-21 21:17:53
18044872354,头盔好看 帅气 戴上头不重 比之前买的头盔好太多了 建议购买,5,2022-09-10 20:52:28
15733252566,材质很棒，拿手上很轻巧，外观很好看！戴上之后非常舒适、头顶有透气小孔、热天戴着开车不觉得闷热，且有反光标镜、增加夜晚开车的安全性、不错?值得购买&hellip;,5,2021-05-29 16:47:22
19056309735,镜片安装简单，帽子大小合适，头顶有透气孔，帽子后门有反光条，骑电动自行车够用了！,5,2023-04-25 21:36:15
17478973808,头盔质量不错，做工精细，挺好看的,5,2022-05-11 21:46:23
18981435939,总得来说还是可以的,5,2023-04-03 16:49:03
17816757821,3C认证，应该不错，买来不仅为安全，还为防交警，哈哈,5,2022-07-23 18:46:34
17763667247,头盔质量特别好，透气也特别好，这天气带上也不热，同事看了让我把链接退给他。,5,2022-07-11 07:27:19
17416061017,给我爸骑电动车买的，他很喜欢。比较轻，质量却很好。物流挺快，带了一个收纳袋，这点好评。头盔有反光灯 这个是其他产品没咋有的。,5,2022-04-26 21:28:25
18764783130,打开了看到实物很不错，给客服点个赞吧，服务很不容易最后也祝老板服务更加精细化客服客服小姐姐服务的非常非常得好，商品颜值也很高，物流时效也很速度，最后也希望商家在新的一年里服务越来越到位，生意越来越兴隆。,5,2023-02-08 23:54:09
17660747725,非常好，非常结实，很酷，造型优美。会推荐给别人，非常好，非常结实，很酷，造型优美。会推荐给别人。会回购，送的小飞机很可爱,5,2022-06-19 14:50:37
18889983537,好，质量棒棒哒，一分钱一分货。,5,2023-03-12 18:17:31
18679578646,东西还是非常不错的，值得购买,5,2023-01-11 07:29:13
17583375133,手感质感都不错，前面的镜片可以装可以不装。总体来说挺好的，也挺结实的。现在马路上骑电车查的很严，为了自己安全买一个也是正确的,5,2022-06-04 20:37:54
18976732473,我真的非常喜欢它，非常支持它，质量非常好，和卖家描述的一模一样，我非常满意，我真的很喜欢它，它完全超出了我的预期，发货速度非常快，包装非常仔细和紧凑，物流公司的服务态度非常好，发货速度非常快，我对购物非常满意。,5,2023-04-02 09:09:13
17529477187,安全帽很不错，戴着舒适。,5,2022-05-23 21:04:27
17517226351,头盔收到了，已经戴了一段时间了，质量不错，黑色的，很酷很炫，夏天戴一点也不闷热，这样汽车也安全了，镜片也很清晰，还防晒，完美,5,2022-05-20 22:32:45
18117196645,头盔只需要安装一个护目镜，比较简单，颜色很好看，戴着比较舒服，稍微有一点重，比较有质感。,5,2022-09-25 16:55:15
18940252852,头盔还可以，比较轻便,5,2023-03-25 13:18:52
17469185492,头盔做工和质感都挺好的,5,2022-05-09 19:32:38
18185473401,"头盔的作用：防撞、防止树枝树叶击打、防止飞石击打、分流雨水、透气、提速。带有帽檐的头盔能够防晒，在头盔上贴上反光标志还能在夜间骑行时防止误撞。

的确有保护头部的作用，它在发生意外的时候在碰撞物体与头部形成一个缓冲区，能够有效降低外界对头部的伤害，这与摩托车戴头盔道理也是一样。但是这种缓冲作用是有限的，只能把伤害降到最低，不可能保证出事了头部就能免受伤害，所以千万不要忘了安全行车的重要。",5,2022-10-09 00:43:58
18039209626,质量挺好，做工精致，到货速度也快，超级给力，满意,5,2022-09-09 14:47:29
18158386486,"头盔的作用：防撞、防止树枝树叶击打、防止飞石击打、分流雨水、透气、提速。带有帽檐的头盔能够防晒，在头盔上贴上反光标志还能在夜间骑行时防止误撞。

的确有保护头部的作用，它在发生意外的时候在碰撞物体与头部形成一个缓冲区，能够有效降低外界对头部的伤害，这与摩托车戴头盔道理也是一样。但是这种缓冲作用是有限的，只能把伤害降到最低，不可能保证出事了头部就能免受伤害，所以千万不要忘了安全行车的重要。",5,2022-10-03 20:27:35
17783144370,头很好看的头盔，结实耐用，店家服务态度很好,5,2022-07-15 19:59:36
18743563455,宝贝已收到，样子很酷，满心喜欢！,5,2023-02-02 18:16:18
17732610982,头盔表面磨砂黑，很有质感，镜片全黑看起来很酷，调整松紧带很长，就有很多余量可以随便调整，头盔内有一圈的棉，保护头部，期待使用,5,2022-07-03 17:13:49
17695755254,头盔厚实，颜色喜欢，重量适中，戴的舒服。前有护目镜、进气孔，后有反光板、出气孔。物美价廉，经济实惠。相信京东，相信国货。谢谢！,5,2022-06-25 16:56:49
17394334938,很好用，很满意。,5,2022-04-21 14:41:23
17706902334,头盔质量可以，外观也很好看，就是，夹耳朵？,5,2022-06-27 22:29:27
18932923247,3C要求就不一样。做工结实，外观精细。至于是否抗撞自已还是不要去实践吧！,5,2023-03-23 13:06:54
18244191535,宝贝非常不错，材质很棒，比实体店质量好太多了，一次买了两个，非常满意。,5,2022-10-20 18:36:41
17800138877,"公牛的插座口碑很好，这次买的是延长线插座。白色
插座简单大方，很多插座都是这样的颜色，设计也很
不错。排插8位全长3米，货已收到，比想象当中的还要
好,因为我买了一个别的这个充电插座,灯特别亮,特
别刺眼,对比一下区别就出来了。公牛这个插座特别厚
实,还是值得信赖的插座，真的是很棒了，这个插板一
点味道也没有，就是原料插板，都是真材实料。产品外
包装很好,没有一点破裂和损坏,插座有独立的开关,
又能安全用电还可以分开控制,设计非常人性化，特意
用了几天才来评价,开关灵敏插插销也很紧，品质和质
量还是很满意的！常见的就是用这个牌子，现在需要插
板果断购买,独立开关好评,手机插上充电也快,目前
用着没有问题，设计的非常完美，使用起来非常的方
便。单个按钮设计是我最喜欢的，每一个插孔都有自己
的开关。产品的做工精细，表面光滑平整，大品牌值得",5,2022-07-19 19:25:19
18387056648,头盔很帅，戴着也很舒服,5,2022-11-14 14:15:05
19050133216,物流给力。相信京东。质量看着不错。结实。,5,2023-04-23 20:36:19
18817355849,外观设计漂亮，尺寸大小合适，包装仔细完整，宝贝手感不错，感觉很好，发货速度快，服务态度一流，给力！5星好评！?商品收到了，包装得很好，物流非常快，客服态度很积极，有问题及时解答！总体来说非常满意！,5,2023-02-22 17:53:44
19096717603,非常好用，这款秋兰颜色也很漂亮非常喜欢，戴起来很舒服，尤其后面还有反光板，灯光照射能起到警示作用，前面还有一个大的挡板，里面还有个太阳挡板，这做的太好了！,5,2023-05-09 18:31:46
19056428153,到货就迫不及待打开了，果真没有让我失望，质量特别好，颜值也相当高，满意的一次购物物流满分?，包装快递满分?，配送员态度满分?，购物让人开心，吃土使我快乐~?????????,5,2023-04-25 22:20:17
18133117596,?商品收到了，包装得很好，物流非常快，客服态度很积极，有问题及时解答！总体来说非常满意！,5,2022-09-28 16:46:59
18622147793,还不错，看起来很有质感，带起来也不会觉得重。,5,2022-12-29 14:27:38
18903212448,现在本地交警严查骑电动车带头盔，发现就罚款。不光防交警严查，也出于自身安全考虑，就上网购买了这款头盔，销量好，评价好。收到带上感觉不错，外观和质量都让人满意。,5,2023-03-15 20:44:45
18360451076,重量还是比较轻，戴头上没有压头的感觉，但是敲击感觉硬度不是很满意，内衬满分。,5,2022-11-10 10:07:22
17958103771,质量不错，做工精细,5,2022-08-24 16:17:53
17526185177,物美价廉物超所值,5,2022-05-23 08:45:15
19094181143,宝贝已经收到，质量很好，我很满意，我要给高分。,5,2023-05-08 20:56:09
17768001994,头盔质量不错，客服态度也不错，就是系带处的塑料卡扣那边有个凸起有点刮脖子，希望继续优化,5,2022-07-12 09:29:10
17765382453,很酷，还不错，老婆很喜欢。,5,2022-07-11 15:16:16
17861387446,还可以,5,2022-08-02 08:50:56
17712250309,质量很好，安装方便，外形美观,5,2022-06-29 05:34:57
19041308813,AndesHELMET电动车四季轻便型安全头盔外包装结实完好，内附防尘袋及柔软包装膜，配茶色高清镜又送无色透明境，安全帽结实美观，质量不错，做工精细。,5,2023-04-21 11:44:54
15922635405,质量不错，看着很酷。小孩大人都能带。,5,2021-07-04 11:01:20
18267717918,真的挺好，比我去店里买的强多了，拿在手里沉淀淀的，好评！,5,2022-10-23 21:12:38
19016541224,质量手感都不错，感觉挺结实！比在~50多的好一些,5,2023-04-12 19:48:00
17894875590,这个头盔?还不错，价格也便宜，安全性方面也还好，夜间还有夜行灯，我感觉物超所值哦，这家头盔真的超级好，虽说不是自营店，但还是很好的。,5,2022-08-10 14:16:34
18468961385,非常不错的一款宝贝，质量很好，穿戴着很舒服,5,2022-12-03 09:23:38
17350391212,安全帽很轻便透气，戴起来很舒服，下次用坏了再接着买一个来用。！！！,5,2022-04-10 13:07:20
17884089933,这么便宜的价格以为质量不会太好，结果收到货物出乎我的意料之外，质量非常好，非常满意，支持一下！,5,2022-08-07 20:49:42
18961369147,给公公爸买的这款头盔，赠送了一个茶色镜片，可以选择透明两用的，安全认证的，款式也很喜欢，?,5,2023-03-29 21:43:24
15920472404,"还没开始用呢，习惯性好评吧。
看起来不错，比我买电动车时送的要好一些，?
颜色也比较粉嫩?(ノ゜&nabla;゜)ノ?
比较适合年轻人使用",5,2021-07-03 23:02:39
14233580832,这款电瓶车头盔挺时尚大气的，做工精细，带上去感觉挺轻盈的而且透气性好，超乎了我的想象。真是太棒了。,5,2020-06-03 20:37:40
18434541579,这个价格仍然很划算。经济、便宜、质量非常好，与卖方描述的完全一样。非常满意，完全出乎意料，超划算，划算，购物比实体店便宜多了，非常满意网上购物。我希望卖家的生意会越来越红火，物流会越来越快，包装会越来越结实。六星表扬，多一星不怕你骄傲，犹豫不决的朋友会很快下单，这是良心的推荐。它真的很好，而且价格也很高，所以你将来可以在这里买。给三个好评就满足了！满意了！满意了,5,2022-11-24 00:29:21
18991203913,买了辆电动车，主要就是送孩子上学放学了，然后买了这个头盔，质量一看就很厚实，很结实的样子，颜值也是很奈斯，不重，护目镜还可以挡风雨，戴上老拉风了，挡风屏是真的不起雾，正赶上这两天的大风降温，救我于水火之中啊！戴上它，腰也不酸了，腿也不那么疼了，看见隔壁老王感觉也像亲人了！！,5,2023-04-05 14:05:27
18431413640,这个价格仍然很划算。经济、便宜、质量非常好，与卖方描述的完全一样。非常满意，完全出乎意料，超划算，划算，购物比实体店便宜多了，非常满意网上购物。我希望卖家的生意会越来越红火，物流会越来越快，包装会越来越结实。六星表扬，多一星不怕你骄傲，犹豫不决的朋友会很快下单，这是良心的推荐。它真的很好，而且价格也很高，所以你将来可以在这里买。给三个好评就满足了！满意了！满意了,5,2022-11-23 10:58:40
15840961534,"夏天了，原本那个冬天用的头盔就嫌热了，买个夏款的。
到货很快，颜色也还亮堂，细节方面稍微差了点，你看拼接的地方颜色没有刷匀，差点误以为是裂开的缝。
不影响使用，远看也看不出，我能接受。
内里是镂空的，戴在头上不热目的就达到了，话说原本都不戴头盔的，现在明令要求戴头盔只好遵守规则，至于它有没有强大的防护作用就不得而知了，毕竟料子比较薄，还是靠自己注意行车安全，遵守交规。",4,2021-06-20 19:04:02
17958875129,比想象中的要好很多！不错,5,2022-08-24 18:47:58
19089295900,货物以收到了，看了一下，包装很好，和描述的的是一样的，快递也非常给力，好评！下次还会再来的！！！,5,2023-05-07 10:11:55
16297868933,一收到货就将防晒镜片装好，非常容易。头盔颜色鲜艳、时尚、美观。外壳是高强度塑料，比较坚硬。设计也很有人性化，前后有通气孔，且前面通气孔能自由开合，后面有安全反光片，夜间开车更安全。头盔性价比较高，值得购买。只是不知何故，这次顺丰快递岀奇的慢，二天路程走了三天。,5,2021-09-13 17:38:45
17753197873,质量没得说，跟专卖店一样，特别特别喜欢，而且价格优惠高颜值，高品质，非常好，一分钱一分货，材质外观和质量一看就很上档次，非常喜欢东西质量非常好，与卖家描述的完全一致，非常满意宝贝特别喜欢，颜值高质量好，中看又中用，有需要的朋友不要犹豫了，最后祝商家生意兴隆！,5,2022-07-08 13:31:35
19090645920,应该还是可以的，拿在手里感觉不错。,5,2023-05-07 17:38:16
18930776889,还可以吧，帽带绳不怎么好系紧,5,2023-03-22 18:10:34
17095036236,这个牌子头盔非常满意，颜值也特别好看，非常喜欢，快递也非常快。价钱也不高。,5,2022-02-06 17:12:20
18841850580,挺好用的，比较轻便，不重，大小合适。就是塑料眼罩质量不太好，一碰就裂开了一道。最近交警查的严，骑共享电动车必须带，查到罚款，赶紧买了一个，非常及时送到了。,5,2023-03-01 17:17:20
17272770523,外壳强度高、耐磨性好、抗撞击能力强；头盔的内部是EPS防撞层，这种材料密度更高，缓冲外力能力更好。头盔通过了国家3C认证，在质量方面不必担忧。外观也是很多人所关注的，特别是女生对头盔外观的要求更高，多种配色，男女通用。此款头盔是四季头盔，四季通用。头盔采用了人体工程学设计，佩戴更舒适，戴上都没有压迫感跟松动感。头盔内采用了肤感网面材质，蓬松柔软，增强了透气性，保证了佩戴的舒适性。头盔的镜片是加长的，防风防雨能力更好。,5,2022-03-20 11:26:10
18042050389,头盔非常好看，体积小，座垫下直接可以放得下，戴着也很舒适,5,2022-09-10 04:46:21
17945982155,宝贝的颜色很喜欢，秋蓝色，清爽大方。有国家3c认证，质量好，不容易破裂，戴着安全，内衬可拆卸，搭扣可调节。感谢送的赠品。,5,2022-08-22 11:27:11
18920945187,质量好，颜色我很喜欢，戴着很好看，推荐哦快来吧,5,2023-03-20 14:02:47
15937631200,做工还可以，可以调节头围的大小，使用起来非常方便。商家的发货速度快，快递也给力，包裹的外包装完好，没有破损和折痕，赞一个，,5,2021-07-07 00:12:18
17768402306,比较了很久，这个是真的好，四季都可以用，设计外观简单大气漂亮，材料和做工都特别精致，细节做工真的非常棒，我觉着我可以推荐给我朋友。,5,2022-07-12 10:55:28
18255664650,可以可以的，很酷，非常喜欢这个头盔，很好?????。,5,2022-10-21 20:44:18
19026682874,质量非常好，与卖家描述的完全一致，非常满意，真 的很喜欢，完全超出期望值，发货速度非常快，包 装非常仔细、严实，物流公司服务态度很好，运送 速度很快，很满意的一次购质量很好，希望更多的 朋友信赖．店主态度特好，我会再次光顾的，可不 可以再便宜点，我带朋友来你家,5,2023-04-16 12:26:10
19071141888,质量很好，很喜欢，客服态度也很好,5,2023-04-30 18:06:08
17899556580,感觉与我想像的一样，,5,2022-08-11 18:32:11
17867005428,不错，质量有保证，后面反光条夜晚增加了安全性，防护镜也很清晰。,5,2022-08-03 14:55:30
17530700850,还可以,5,2022-05-24 09:29:32
18196724880,这个真的太?了，?包装很精美，宝贝做工比较精细，商家特别好?，有问题都及时处理?，确实是一次相当满意的网购，还会再来的?宝贝物超所值，很喜欢，下次还会来的这个真的太?了，?包装很精美，宝贝做工比较精细，商家特别好?，有问题都及时处理?，确实是一次相当满意的网购，还会再来的?,5,2022-10-11 16:08:39
19013555952,帽子很满意，带起来很舒服,5,2023-04-11 19:38:42
17749131632,这头盔漂亮，大小合适，做工精细，质量很好，大小合适，戴着舒服，看上去也高大上，喜欢?,5,2022-07-07 13:30:04
17740117063,帽子收到真是太漂亮了，质量真心太好了，带起来太帅了是我喜欢的款式。,5,2022-07-05 11:17:52
17827641502,"1.戴上这头盔，俺就是**中最靓的仔，妈妈再也不用担心飙车翻跟头了！
2.黄色小风扇风力够大够静音还省电，三伏天简直比空调还凉快?
3.手提袋复古设计，简约时尚，高端大气上档次，低调奢华有内涵，绝了！

一句话，好，超值，牛逼中的战斗机！",5,2022-07-26 11:45:16
17356062460,相信京东的品质，加油加油加油,5,2022-04-11 22:11:50
18429086438,带着舒服 很有安全感 不错,5,2022-11-22 19:14:28
15534677159,头盔够光滑，色水几合我心意，够硬度，又实用,5,2021-04-12 18:28:35
16301748204,发过来就是这样，估计很多都是一样吧。谨慎下单,1,2021-09-14 12:30:06
18277374588,颜色漂亮，材质很好，大小也合适,5,2022-10-25 14:27:17
15941485554,性价比挺好的，一个头盔，也挺结实的，设计很有时尚感，后面的大尾灯很亮，前后部分都有进出和出风口！也感觉不到里面十分热！一共共买两个,5,2021-07-07 17:31:12
18251736574,质量很好，颜值也很高，值得购买,5,2022-10-21 09:30:04
18990468777,头盔外观靓丽，上头效果非常好！也很舒服！外部结实！内部做工精细！个人觉得性价比非常高！质量很好好！我和我老婆都非常满意！喜欢！,5,2023-04-05 11:05:33
17914462347,头盔收到了，款式好看我非常喜欢，质量杠杠的啊！,5,2022-08-15 09:47:05
17700041829,质量感觉比较好，款式也还可以，比较愉快的一次购物体验，用着还不错，京东自营店里面的东西质量还是不错的。送货速度也很快。。,5,2022-06-26 15:16:01
18358368252,材质品质没得说！3C标志有保障！还会光顾！,5,2022-11-09 19:53:52
18861276677,戴着舒适，小巧，放后尾箱没问题，我的头小但是戴着很合适，舒适透气，非常好,5,2023-03-05 21:51:30
18932707107,头盔有点重，好看还是好看，不晓得防护效果咋样。现在头盔是刚需，这款还有个好处，男女老少通用，不管谁带上，一点都不违和，很难得啊,5,2023-03-23 12:01:29
17856219343,帽子总体还可以，就是媳妇找了一圈没有看到帽子上写有3c之类的标志。,5,2022-08-01 08:12:35
19102022912,"物流快，服务好。质量确实很好，很满意的一次购物。戴着很安全，安全系数高，非常满意。推荐大家购买。
颜色好看，很正，通用款，非常棒。",5,2023-05-11 15:13:26
18999176292,帽子质量很好，看着就喜欢，还带两个帽沿松紧可以调，看图说话自己看吧，质量真的很好,5,2023-04-08 07:18:09
18454024196,头盔很漂亮，无论材质还是做工都超出了预期，超值，穿起来也很好看哦。卖家发货也比预计提早了很多，还会再来。买吧，不会后悔的哦！全五分。,5,2022-11-29 11:02:02
18864702744,表面看起来很普通的一款头盔，但是戴在头上确实也不会歪歪斜斜，不会压脑袋，哪怕是女生的丸子头和扎高马尾都可以hold得住。,5,2023-03-06 15:05:02
17736268559,价格合适！大小正好！道路千万条，安全第一条！非常好用，颜色漂亮，戴起来舒服，尤其是后面有反光板 ，灯光照射下可以被发现，起到反光警示作用，前挡风遮雨板非常方便拆卸，物美价廉，经济实惠，活动买的价格美丽，支持京东商城，支持国货精品店！,5,2022-07-04 14:12:36
17571220739,"头盔收到了还不错
便宜又好用
有个小问题就是那个塑料面罩不好安装
弄了很久没弄好
整体还不错，还送了个小风车，可可爱爱",5,2022-06-02 12:45:14
17753175665,这个颜色很喜欢，摸起来质感不错，百搭～包装也很大气，用来送人的话也是不错的选择?心仪已久，果断下手，用过之后感觉很不错，是正品，快递也很给力，果然名副其实?性价比非常高?，可以放心购买?，做工非常精致?，值得购买?！,5,2022-07-08 13:30:40
18039682310,一次很好的购物体验，服务周到，物流快速，配送也很周到，态度也很好，好评已经是第五次购买了！质量真的超好！穿上很舒服！同事朋友都叫我帮买！买到就是赚到！,5,2022-09-09 16:35:41
17585770419,一般不评价东西，这个头盔除外，真心不错，款式，质量都不错，很酷，值得拥有！,5,2022-06-05 11:57:49
18906484909,无论材质还是做工都超出了预期，超值，戴起来也很好看哦。卖家发货也比预计提早了很多，还会再来。买吧，不会后悔的哦！全五分。,5,2023-03-16 20:23:44
17692185389,还行，还送了这个，挺不错的，如果能有大号就更好了,5,2022-06-24 21:35:54
18042932919,商家服务态度好，发货快，是正品，购物体验很好。,5,2022-09-10 11:43:32
15925444991,首先价格很便宜，性价比很高的，包装也算高档上档次，还顺丰快递到家，帽子材质也挺结实的，真的是一次愉快的购物，这两天又搞了一件,5,2021-07-04 21:41:42
17656130328,是理想中的产品?，质量不错，物流也很快，值得点赞！就是稍微有点重。,5,2022-06-18 20:29:44
18201494624,很暖和，天气转凉，给孩子上学骑车用,5,2022-10-12 18:12:24
17749716432,质量很好，带着很舒服！快递依旧非常给力。,5,2022-07-07 15:54:35
18076476868,此用户未填写评价内容,5,2022-09-17 21:20:55
16553546267,"直接上结论 很不错喜欢 之前买的被偷了 这个新买的 用了十来天没什么不好 这个价格很nice
价格40不到比较便宜 前面有挡雨 细节也不错 黑色经典款个人比较喜欢 里里外外有图可以看下 参考下",5,2021-11-01 17:19:33
17342362776,东西一般般，不值得购买！都说京东的好，可是买的这个头盔，包装盒里面的泡沫都没有，收到商品都是刮花！而且快递都不送货上门的，东西直接丢驿站，电话都没有打一个！我在想，我是不是在~上买的东西！而且头盔的绳套卡扣很差，解开很费劲！看来京东也不是想象的那么好，不建议大家购买！,5,2022-04-08 00:05:48
19049553187,头盔看上去很不错-结实.还有就是厂家做的很用心.头盔边线塑料边缘都做的很好.没有毛刺.看着就不一样-高档货.结实,5,2023-04-23 17:54:38
17588489960,做工和质量确实都还不错，比街里十几块钱一个的明显厚实、结实，佩戴也舒适一点。总体来说，性价比不错！值得购买,5,2022-06-05 20:10:18
17881280528,终于收到我需要的宝贝了，东西很好，价美物廉，谢谢掌柜的!掌柜态度很专业热情，有问必答，回复也很快，我问了不少问题，他都不觉得烦，都会认真回答我。再说宝贝，正是我需要的，收到的时候包装完整，打开后让我惊喜的是，宝贝比我想象中的还要好!不得不得竖起大拇指。下次需要的时候我还会再来的！,5,2022-08-07 08:42:51
18751088907,挺满意的一次购物了，两个头盔质量都很好，到货后出现了一个小插曲，跟售后联系后很快就解决处理了，售后服务态度很好，会再回购的，,5,2023-02-04 20:51:30
18780963783,为了电动车上户，买的电动车头盔，试了试戴着不重，以后骑行还是戴着安全，买了红色的，很好看，呵呵，喜气洋洋的，总体很满意的。,5,2023-02-13 13:30:19
18279849314,不错，很好，下次还会光顾！,5,2022-10-25 20:36:27
18269740415,不错，很好，下次还会光顾！,5,2022-10-24 09:55:30
17702408497,挺好的，大小合适，价格实惠，质量不错！,5,2022-06-27 00:24:59
17916714049,玻璃质量太差，还没有用几天就掉下来,1,2022-08-15 18:44:44
18954088328,如果可以黑白两个镜片都能装上去就好了,5,2023-03-28 16:33:59
18900563807,头盔整体感觉不错，戴起来很舒适，3c认证值得信赖。,5,2023-03-15 13:06:44
17848618740,"质感很好！
尺寸合适！
??????",5,2022-07-30 13:51:41
19093015184,收到货，第一时间拆包装，感觉质量还是比较好的，与卖家描述的还是一致的，非常满意，发货速度比较快，物流公司服务态度很好，运送速度很快，总的来说这次是很满意的一次购物，感谢卖家。,5,2023-05-08 14:24:07
17806040915,做工细致，结实耐用，用料厚实，,5,2022-07-21 09:39:46
18452847344,很不错的一次购买体验，带着很酷，也很舒适，男女还都合适,5,2022-11-28 22:31:38
17304126056,天热了，给自己弄个凉快点的头盔，全盔是带不住了，反正口罩也是长期品了，摘不下去了的，加个口罩刚好全防护了，还是挺不错的啊！,5,2022-03-28 14:10:46
19006144595,商品物美价廉物超所值，非常不错的一次购物,5,2023-04-09 16:54:24
18751088908,一次买了两个头盔，质量非常的的不错，物流速度也很快，货到后出现了一点小插曲，联系售后处理也很及时，非常满意的一次购物，，,5,2023-02-04 20:51:30
19025468699,包装很完美，颜值很高，感觉物超所值！客服也非常耐心细致，发货快物流给力，以后还会再来??物超所值，商品设计完美，外观也很高大上，让人爱不释手。客服更是热情的没话说，这次购物很满意,5,2023-04-15 21:52:08
18922159843,"外观好看，后面还有反光条，电动车头盔男四季防晒防雨电瓶车头盔女士夏季哈雷头盔轻便式半覆式安全帽四季通用半盔防晒夏天灰色黑茶中均码不错的一款头盔，算得上一款物美廉价，做工不错，款式较为新颖的头盔，戴着较为舒服,灰色是我喜欢的色系。",5,2023-03-20 19:54:43
18803012122,是正品，信赖商家，宝贝质感很好，价格也适中，无限回购！,5,2023-02-19 10:22:28
17922043306,此用户未填写评价内容,5,2022-08-17 06:20:10
18767925710,京东购物体验非常好，下单后几天就收到货了，商品符合商家介绍，这款头盔我买过一个，用着还不错，这是买的第二个头盔了，戴着头盔很轻，很舒适。,5,2023-02-09 22:23:51
15633633841,挺不错  外形什么都不错  头盔这东西大概率还是不希望派上用场  上海电动车必须戴头盔所买 很满意 挑三拣四的诸位请看下价格,5,2021-05-04 19:46:26
16243114984,还可以，茶色玻璃很清楚，颜值不错，戴着很精神。还可以，茶色玻璃很清楚，颜值不错，戴着很精神。还可以，茶色玻璃很清楚，颜值不错，戴着很精神。,5,2021-09-03 10:04:15
18251988022,帽子非常结实，很好用,5,2022-10-21 10:09:19
19079595362,买了两个了 还可以！！！！！,5,2023-05-03 21:36:53
18859970740,外观好看，后面还有反光条，电动车头盔男四季防晒防雨电瓶车头盔女士夏季哈雷头盔轻便式半覆式安全帽四季通用半盔防晒夏天灰色黑茶中均码不错的一款头盔，算得上一款物美廉价，做工不错，款式较为新颖的头盔，戴着较为舒服，灰色是我喜欢的色系。,5,2023-03-05 19:18:13
17839389819,此用户未填写评价内容,5,2022-07-28 15:23:48
17735980529,第一次购买，还算不错，与实物一样，物流很快，希望质量不要让我失望，这几天下大雨还没来得及用。过几天更新消息,5,2022-07-04 13:06:08
18099720972,无法送货上门，而且快递慢,5,2022-09-22 11:00:21
17753958976,非常好，很结实，值得购买,5,2022-07-08 16:44:31
18017242170,外观不错，感觉很结实，耐用。,5,2022-09-05 08:30:22
17691270170,感谢京东商城，感谢商家，很满意一次购物，头盔质量很好，护目面镜很清楚，扣件重要部位很结实，扣件用着简单实用，头盔重量轻，结实，重要是有3C认证标识，值得拥有，骑行必备。,5,2022-06-24 18:24:48
19026606964,"个人感觉很好，跟我买的雅迪69的没啥区别这个才30多。如有需要还会回购
这是一个好评模块。懒的每次都要评价。用这个就说明东西比较满意。评价可以得京豆。以前浪费了不少。好可惜呀。京东还是满给力的。活动价格差的很多。",5,2023-04-16 12:03:50
18076565278,好用，带上很安全，就是系带有点长，已经调节最短了，还是长，脑袋太小的不要买这一款哈。,5,2022-09-17 21:40:37
17706681894,收到货了，还算可以，比较满意！！！！！！！！！,5,2022-06-27 21:41:02
19078698536,物流很快，戴上很舒服。,5,2023-05-03 16:36:26
17447376572,大小合适 样式好看 快递也速度 美滋滋,5,2022-05-04 19:33:28
18980341322,质量不错，拿着挺重的,5,2023-04-03 11:33:55
19083844556,冲着3c认证购买的 质量很好。戴着也安全,5,2023-05-05 11:48:12
18049267072,带起来有点酷酷的赶脚。,5,2022-09-11 21:24:04
17585985594,"发货挺快的 ，收到货以后打开一看跟卖家描述一模一样，比我之前买的两个好多了 ，不管做工还是细节还是外观都不错，对得起这价格，真心挺喜欢的
我个人唯一觉得不足的就是前挡风稍微长点就好了，毕竟骑快了还是有风沙吹眼睛",5,2022-06-05 12:40:36
17714555232,收到快递，头盔拿到手里感觉挺厚实的，也符合3c标准，最重要还能调节头围大小，不会戴的太紧了，而且还有通风装置，大太阳戴着也不会闷到一身汗了。而且颜值也挺高的，好评，物流速度挺快的，下完单店家就发出来了。,5,2022-06-29 16:15:40
16785143219,头盔挺轻的，大小可以调节，不太好的是戴口罩容易哈气到透明盖上，骑行影响视线。此外，透明盖上有划痕，不影响使用，就是不太美观，对于强迫症有点难受?其他方面都没问题,5,2021-12-08 15:02:01
18970841298,头盔不错，质量优良，值得拥有,5,2023-04-01 05:09:40
19058727766,此用户未填写评价内容,5,2023-04-26 18:41:53
19081683822,"实物与描述的一样，质量相当好，卖家态度也好，有问必答，发货速度杠杠的，值得购买哦
终于收到货了，非常非常喜欢，做工精致漂亮，已经被很多人夸了，真的太开心了，已经是他家的忠实粉丝了，以后还会继续买买买的",5,2023-05-04 16:29:58
17508148137,不错很好质量有保证，带着很舒服,5,2022-05-18 18:33:43
19021238765,挺好的，妈妈非常喜欢。,5,2023-04-14 13:06:38
17541903469,相信京东品质  质量有保证,5,2022-05-26 16:26:26
18058513105,还可以的头盔，好看,5,2022-09-13 20:53:07
19083247655,头盔已经收到，物流非常快，质量不错,5,2023-05-05 08:30:37
19045860301,快递员没打电话也罢了，还没给我放到指定位置。我写的上社车站路12号，竟然放到22号了！希望以后不要出现这种情况了！也是第一次遇到这种情况！,5,2023-04-22 21:01:20
11707158093,11号晚上7点下单，14号下午3点到的。广东省佛山市南海区的店。49元的头盔做得精致，没有毛边倒刺。减震主要是硬塑料。,5,2018-07-15 17:36:11
18992304503,安全性能好！戴着舒适！,5,2023-04-05 19:18:41
18999992183,我真的非常喜欢它，非常支持它，质量非常好，和卖家描述的一模一样，我非常满意。我真的很喜欢它，它完全超出了预期的价值，交货速度非常快，包装非常仔细和紧凑，物流公司有一个良好的服务态度，交货速度非常快，我非常满意购物,5,2023-04-08 12:23:58
18931332085,"外观好看，后面还有反光条，电动车头盔男四季防晒防雨电瓶车头盔女士夏季哈雷头盔轻便式半覆式安全帽四季通用半盔防晒夏天灰色黑茶中均码不错的一款头盔，算得上一款物美廉价，做工不错，款式较为新颖的头盔，戴着较为舒服,灰色是我喜欢的色系。",5,2023-03-22 21:09:34
17414153453,很快到货，很不错的，轻巧实用，，挺不错的。。。一下买了两个，安全方便，透气也不错的。。。。。。。。。外观漂亮设计大气好看，，酷酷的挺不错。。。。。。。。。。。。，，，，。。。。。。。。。。。。。。。。。。。很好的。,5,2022-04-26 13:34:53
18998613236,正品店铺，放心购买，客服态度也很OK，整个购物过程非常顺利！下次还会再来的！赞！,5,2023-04-07 21:15:16
19093078835,"质量非常好，与卖家描述的完全一致，非常满意,真的很喜欢，稜全超出期望值，发货速度非常快，包装非常仔细、严实，物流公司服务态度很好，运送速度很快，很满意的一次购物店家很讲信誉，而且很不错哦，在这家店买东东，我很满意~",5,2023-05-08 14:49:37
18806383936,这是到目前为止买到的最喜欢的安全帽，外观和质感都不错，戴起来也很稳很舒服，明天就戴上去骑车了。,5,2023-02-19 21:19:05
16046536618,儿子最喜欢蓝色所以就给他买了这款，眼罩很酷很有型，大小可调节挺不错的，质量看起来也可以，既然儿子喜欢，为了安全也为了好看，每次坐电动车时也会很乐意戴头盔的。,5,2021-07-27 11:49:19
18766213356,头盔看起来还是比较帅的，戴起来挺舒服,5,2023-02-09 14:10:56
19101257727,外观漂亮手感不错就是小了一点,5,2023-05-11 10:49:57
18063686478,我认为它相当好。当我买它的时候，我看到评论说它很好。当我看到发货时，我非常高兴。当送达时，我很高兴能从快递员那里拿回来。试试看，效果很好!此外，客服小姐姐很好，也很有礼貌。客服小姐姐也会每隔一秒回答我的问题。嘻嘻，下次我会回来买的。,5,2022-09-15 00:36:59
18075919227,出于安全考虑才买的这个头盔，选了好一会才搞清楚怎么挑选头盔，原来质量可靠的头盔都是有3c认证过的，一开始我以为贵的就是好的，后来发现原来价格实惠的不一定就是差的，这个头盔真的很喜欢，看上去质量还不错,5,2022-09-17 19:16:23
17520014330,疫情期间送货非常快，头盔质感很好，真是一分价钱一分货，还送了小风车！必须的赞一个！,5,2022-05-21 17:17:22
17768807826,头盔收到，谢谢老板啦，当年5月份生产，这款产品我喜欢，漂亮，大小可调节，颜色也好看，谢啦,5,2022-07-12 12:30:35
18441886671,不错不错。。。头盔挺酷的，不重，硬度应该也不错。。,5,2022-11-25 21:54:11
19064784856,真贴心买的茶色还送了一个白色的,5,2023-04-28 18:03:42
17856291121,头盔收到，外观漂亮 里边软软的，戴上不勒头，很舒服，主要是质量很好，骑车出门安全,5,2022-08-01 08:43:41
17712515010,这个头盔是我刚来郑州的时候买的，我以为那时候郑州要带头盔，其实，也没有那么必要，我想退货，但是过程吧，一言难尽，反正最后的结果就是我妥协了，所以我收到货了，如果各位朋友喜欢轻盈的话，千万不要买，这个头盔太重了，我一个一米八的大高个，体格巨大，我都觉得重，戴上怎么说哪？不舒服，如果你只是为了交应付交警，那完全可以,5,2022-06-29 08:17:52
19005768534,完美，产品很惊艳，性价比合适，希望用的长久！快递很快，质量棒极了，建议购买,5,2023-04-09 14:42:39
17468690975,头盔已经到了  拆开来看了  整体来说不错?  特别喜欢后面的反光条  还送了小风车是一次完美的购物,5,2022-05-09 17:43:10
18346597949,非常满意的一次购物，秋冬用刚好。,5,2022-11-07 16:31:15
18977162900,刚买回来就用上了，适合暖和一点的天气，前面的茶镜挺好的，挡太阳光。,5,2023-04-02 11:28:54
17806107238,这个头盔我戴了十几次了，非常好看的颜色，安全性很好，有反光条，包裹性很强，很有质感，比路边摊的便宜货好太多了，缺点有两个，头盔相对沉一点，可能是用料很厚实吧，还一个漆面磨损后会掉漆。,5,2022-07-21 09:55:47
18867145904,不错 买了多次值得推荐,5,2023-03-07 09:17:23
19019993515,看着还可以！就看使用后怎么样。,5,2023-04-13 22:33:25
17663253753,质量不错，看着很高级，用料厚实，还赠送了反光贴纸，卖家客气，服务周到,5,2022-06-19 20:44:30
18503186241,相对满意的一次购物，双十一买的，用了很久了，真是贵有贵的道理，里面的内衬布料非常好，看起来很结实，唯一不足是前面的镜片卡扣时不时会掉，卡的不太紧,5,2022-12-10 10:16:24
17888000753,"还不错，，，，，，，，加油。
舒适度不错。
价格还行。",5,2022-08-08 20:33:47
18837602141,此用户未填写评价内容,5,2023-02-28 13:04:12
15798131209,手感不错，摸起来挺舒服的，大小可以调节，我的头围大，也比较适合。,5,2021-06-12 18:09:04
18819529915,此用户未填写评价内容,5,2023-02-23 11:59:38
17899365058,头盔做工精细，款式时尚大气，佣戴舒适，质量很好，颜色好看，颜值高，重量合适，非常满意！头盔做工精细，款式时尚大气，戴舒适，质量很好，颜色好看，颜值高，重量合适，非常满意！,5,2022-08-11 17:36:35
18345587790,这款电动车头盔适合女性戴，颜色挺喜欢，款式也挺大方。前部有透明塑料面罩，下雨天对脸部和眼部也是一种保护，挺好的。这已经是买的第二个电动车头盔了。,5,2022-11-07 13:22:13
16372192360,东西收到，外观可以，质量也中，总结一句话，质量与价格相匹配,5,2021-09-27 16:30:54
18775798071,头盔很适合，感觉非常好,5,2023-02-11 22:14:07
18960870581,物流很快，质量很好，戴着舒服,5,2023-03-29 20:16:49
19077969269,让我们先说说商品的质量：产品总体上是好的，包装很紧。让我们来谈谈商家服务：喜欢它。最后，快递：快递非常快。毕竟，廉价商品更真实。我希望商店能提供更多的折扣，及时通知老客户，并促进回购。祝你生意兴隆。,5,2023-05-03 12:21:39
18905749282,非常好用，颜色漂亮，戴起来舒服，尤其是后面有反光板，灯光照射下可以被发现，起到反光警示作用，前挡风遮雨板非常方便拆卸，物美价廉，经济实惠，活动买的价格美丽，支持京东商城，支持国货精品店，谢谢！,5,2023-03-16 16:31:47
18905742655,非常好用，颜色漂亮，戴起来舒服，尤其是后面有反光板，灯光照射下可以被发现，起到反光警示作用，前挡风遮雨板非常方便拆卸，物美价廉，经济实惠，活动买的价格美丽，支持京东商城，支持国货精品店，谢谢！,5,2023-03-16 16:31:22
18905738186,非常好用，颜色漂亮，戴起来舒服，尤其是后面有反光板，灯光照射下可以被发现，起到反光警示作用，前挡风遮雨板非常方便拆卸，物美价廉，经济实惠，活动买的价格美丽，支持京东商城，支持国货精品店，谢谢！,5,2023-03-16 16:30:29
17718207098,这款电动车帽子颜值爆表，加上&lsquo;竹蜻蜓&rsquo;，瞬间高大上了，骑起来转得很快，材质也比较好，质感比较强，没啥异味，头上还有透气孔，骑着还是挺舒服的！值得推荐购买！,5,2022-06-30 12:27:45
17656755687,此用户未填写评价内容,5,2022-06-18 21:54:51
18800725103,非常不错的头盔，做工精细，精致，手感超级好看的那种，不错不错。值得推荐一下哦！,5,2023-02-18 19:24:33
19026621380,东西很不错，带上很舒服，看上去比较有质感，镜子安装也比较简易，有3C标志，同类产品算是非常物美价廉了，京东，继续加油?,5,2023-04-16 12:07:13
18472281058,很不错的头盔?，已经第二次购买了，质量没得说，冬天套一个棉帽子没有问题，而且质量没得说，非常的好，太棒了，给我弟弟也买一个 快递到货，质量很好，戴头上不会很重，很合适，送的赠品也不错，防晒太阳板可以自由安装，头部有透气孔，很人性化，很不错，值得推荐购买,5,2022-12-03 23:30:07
18077250376,"快递比较快速、准时，收到产品时没有任何损坏。
产品外形比较新颖、时尚，并不是全盔，所以比较适合夏天，不会觉得包裹得太大、太紧，导致太热，不会。大小尺寸还是比较适中。
不会全盔不影响到安全性，还是非常安全的。
这个颜色不是非常光亮，也比较好看。
镜面非常清晰。
以后会继续购买。",5,2022-09-18 01:06:48
16310078086,"1，物流发货很快，当天买，第二天就收到了，不错哦！
2，京东618活动，优惠多多，非常实惠。
3，一次性入手两个，情侣款，结实耐用。",5,2021-09-15 22:24:46
17529869200,很好，有坏的卖家也补发了,5,2022-05-23 22:49:01
15785514751,轻便结实，内衬柔软可调，佩戴舒适，夏天戴很舒服。,5,2021-06-09 21:23:16
17771144091,"包装还可以，送来也没什么磕损；
总体与描述相符，外观还不错蛮好看
材质还是比较结实的，日常使用应该没什么问题，这个价格也算很实惠了",4,2022-07-12 22:28:47
15784090267,商家发货迅速，物流快捷。头盔收到后试戴了一会儿，感觉挺好，非常满意；没想到如此便宜的价格就能买到心怡的宝贝，大赞并全五分好评奉上，顺祝商祺快乐！非常满意，头盔很轻，赠送了很多配件，很实用。还有头灯，这样晚上出去就比较安全了。蛮好看的，价廉物美。价格实惠，质量不错，调节很方便，戴上它骑行有保障多了。,5,2021-06-09 16:03:44
17638631732,质量不错，非常好！,5,2022-06-15 17:16:44
17567845474,"质量杠杠的，款式好看，外壳坚硬，还是品牌的，值得够买宝贝挺好，美观大方实用，还挺结实，喜欢颜色漂亮的，质保也没得说，安全系很高，质量很好也不差，镜片很清晰，卡扣很紧不会掉又好安装,没有毛刺客服耐心解答，头盔安全舒适！这个头盔很不错，戴起来大小很舒服舒适，外观又很酷炫，设计很不错防风镜也是非常的清晰，不会影响视线，赞一个！骑车带上头盔更安全了，也不怕灰尘吹进眼睛里，骑车必须带头盔，安全保护，服务好，和描述相符，物美价廉。",5,2022-06-01 18:07:23
17681564526,第二次购买，戴起来很舒服，上方有可调进风口，很凉快。,5,2022-06-22 20:30:09
17812745045,这价格全是买了个好头盔，后面还有反射板，增加了夜间开车的安全性。,5,2022-07-22 18:48:11
16674115264,物流好给力，物品收到了包装完好无缺，打开见到了实物很前卫美观，还带后面反光板，这个应该给个赞。整体也结实，价格算合理。很满意的一次网购。,5,2021-11-17 19:30:36
18145121567,?从没想过这么实惠的价格，?能买到这么好的宝贝，?性价比非常高，我很喜欢哦?,5,2022-10-01 02:59:56
17829541991,为了自身的安全，骑摩托车或者电动车，一定要戴头盔！一下买了三个，家人都有头盔戴了，还是3C认证的，戴着舒服，看着也很坚固。,5,2022-07-26 16:06:58
16290873589,产品看着不错，就是通风口小点。,5,2021-09-12 07:46:59
18352040040,这个价格来说，这款电动车头盔非常不错了。做工质量还不错，颜值也非常高，带着舒适度也可以。这样交警叔叔看到不会再拦下了，自己也安全了。,5,2022-11-08 16:29:08
18104209350,在网上找了很久，最终确定了买这家收到东西之后，感觉很惊喜，颜色很喜欢，而且很有质感，从质量上来说手感很棒，配合自己的小电瓶车能量十足，非常的不错,5,2022-09-23 07:09:30
17728330639,刚收到货，就迫不及待打开看一下，外观很好看，带起来也舒服，沃野的很,5,2022-07-02 17:49:15
17564336945,头盔收到了，质量很不错，还有赠品，老婆很喜欢,5,2022-05-31 23:05:06
17820883980,买了两个，都很不错，就是购买的时候没有关注还有其他颜色，女生建议买个米白色的好看，黑色是酷酷的感觉，也不错，5颗星！！！,5,2022-07-24 19:08:46
16399892806,头盔很满意，很好很好。,5,2021-10-02 14:17:00
17819386506,快递快，包装不错，质量可以，穿起来挺舒适，就是颜色差了点。,5,2022-07-24 13:06:54
17730388448,头盔质量真的特别好，戴着大小很合适，现在天气凉了，戴上这个上下班也不怕冷了，头盔很结实，下面有围脖，很暖和，风也不会吹进去，很喜欢，重点是很防风，戴着不闷气，镜面也很清晰，做工也精致，物美价廉呀，实体店几十块钱根本买不到这种，内衬也很厚实，保暖，卖家态度也很好，好评，后续会持续再来追,5,2022-07-03 09:18:06
19060113262,"质量非常好，与卖家描述得
完全一致，，非常满意，真的很喜欢，完全超出期望值，发货速慶非常快，包装非常
仔细、严实，物流公司服务
态度很好，速慶很快，很满意的一次购物。",5,2023-04-27 10:12:38
18197242486,总体感觉还行满足日常生活使用，整体做工质感还可以，面罩安装方便，内里可以拆卸，头盔个人觉得内部尺寸会偏大一些，包裹感不是很好，有点宽松。,5,2022-10-11 18:16:18
17954063633,不会收到后使用了一段时间这个头盔，质量是可以的，有3c认证的标识，透气性也比较好，稍微有一点重，但是出于安全考虑，还是有必要使用这种头盔的质量还可以。,5,2022-08-23 20:41:47
17712251927,米白色很好看，赠送了小风车很拉风，安装也方便,5,2022-06-29 05:35:48
15937406299,"搜索很多头盔，搜到此款头盔时很满意。大小可以调节，在保护安全的前提下，颜值也很高！
  防晒镜片，头盔后面还有反光板，有灯光照射是会反光。
 挺满意的！",5,2021-07-06 22:45:13
18809448837,很不错，质量不错不错不错,5,2023-02-20 16:55:54
17816770392,被交警叫住一次。。。。决定买头盔。。,5,2022-07-23 18:45:33
17528739039,半盔和全盔对比下，面罩挺大的，足够挡住脸部，还可以。,5,2022-05-23 18:03:38
16599438554,真不错，快递很给力特别快特别快而且直接上楼，头盔很漂亮特别好看，孩提很喜欢，而且一点也不重带着很舒服很不错的一次购物会推荐给朋友。,5,2021-11-08 14:32:52
16123311011,很不错，结实耐用，做工精细，物有所值，还会继续光顾,5,2021-08-12 13:09:19
17916156534,618活动期间买了这个品牌的头盔，是国家3C认证产品，对比一下其他头盔在评价销量价格综合考虑后选择了此款产品，做工精细，放在车筐里出门携带提高安全性,5,2022-08-15 16:21:21
15829711897,货已收到，包装很好，商家合作愉快，快递员菜鸟服务好。,5,2021-06-18 21:17:35
16863187263,很帅气，性价比真高，被交警罚了30块，乖乖来买个头盔，就是买的有点晚了，冬天戴头盔贼影响发型，，买个性价比高的就可以啦,5,2021-12-23 19:27:21
17969848367,质量很好，很愉快的一次购物，冬天还会再买一个,5,2022-08-26 21:57:37
17694228585,质量很好！戴头上压头感觉还行。价格便宜！,5,2022-06-25 11:25:15
19034532324,质量非常好，与卖家描述的完全一致，非常满意，真的很喜欢，完全超出期望值，发货速度非常快，包装非常仔细、严实，物流公司服务态度很好，运送速度很快，很满意的一次购物。,5,2023-04-19 00:14:08
16241347356,头盔非常满意，做工精细，护目镜很轻松就安装好了，还有就是是整体细节很不错，反光灯，扣绳都很贴切，十分放心。颜色不是纯白，有点泛黄，不过很喜欢。,5,2021-09-02 21:23:55
18228744620,比较坚固，大人戴上还是比较合适。不过要吐槽的是下巴位置的保护套不能很好的刚好保护下巴，有点偏，而且不能调整到中间，有点点不舒服。,5,2022-10-17 23:20:13
17893529336,设计好，做工好，造型很酷，戴着舒服，超赞！?,5,2022-08-10 08:48:27
17658061289,质感不错，很凉快，价格很便宜，防太阳晒，,5,2022-06-19 06:47:44
16619984266,这个头盔很轻盈，带着一点也不勒，而且可以调大小，带着透气孔夏天也不是很热，后面还有反光条晚上骑行也安全，，价格还实惠值得推荐,5,2021-11-11 15:45:20
18010087392,质量很好，戴上正好，颜色也是我喜欢的，,5,2022-09-03 20:20:41
17876914750,包装很好，没有破损，质量很不错，3c的果然结实很多，虽然戴起来有点重，但是安全第一。戴上也挺舒适的，有透风眼凉快很多，女儿说戴起来很酷。,5,2022-08-06 00:19:41
16425754253,最近我们这里在严查头盔，就想着买个，在京东打开正好有个红包看上这款还不错，很轻，后面还带反光条，冬天用很好下班每次都黑了，还有透气孔,5,2021-10-07 11:46:24
19060733876,戴着舒适，安全透气不闷热，前面镜片有两种一个透明，一个茶色，很暖心！而且样式也很漂亮！值得推荐！,5,2023-04-27 13:41:06
15830117769,真的不错诶，头盔表面是磨砂，很有质感，后面还有反光条和透气孔，面罩的阻尼也很合适，款式也很好看，关键价格还不高，值得购买。我媳妇有点担心强度和保护面的问题，但愿都没问题,5,2021-06-18 22:20:15
18266625057,这个帽子还挺不错，挺喜欢的，感觉质量也挺好的，小孩特别喜欢，好几个晚上都拿来戴着玩，静看以后使用情况验证后需要了再回买一些。,5,2022-10-23 17:55:05
17708744445,这款头盔的质量还不错，看起来也挺扎实的，黑色哑光的颜色看起来还挺精致的，骑车戴着还有空气流通，头盔也不是多重，就是有一点味道，塑料的味道，整体还可以，物美价廉,5,2022-06-28 11:45:09
17695611469,样式好看时尚，做工精细，戴着舒服?，重点是安全系数一下子提升了，我非常喜欢。从今年五月开始，我区开始要求电动自行车挂牌照，驾驶员戴头盔。是城市文明的标志。,5,2022-06-25 16:28:49
17980408108,大小合适，美观大方，很喜欢。,5,2022-08-29 06:55:42
17855207547,商家发货速度非常快 商品包装完整没有任何损坏 帽子看着不错 拿在手上有分量 看着是3C认证买的 但是拿到没有看到标志 即便没有 这个价格买到也值了,5,2022-07-31 21:53:28
18233118486,宝贝已经使用一段时间了，不小心还在地上摔了几次，不过质量还可以，颜值也不错，中国红，是我想要的宝贝，给好评，祝老板生意兴荣。,5,2022-10-18 19:51:41
17542504135,样子不错，磨砂黑挺有质感，质量很好，价格也不贵，男女戴着都好看,5,2022-05-26 18:36:26
18978765750,宝贝收到，物流很快，描述相符，比较满意，好评，推荐,5,2023-04-02 19:54:48
17957694581,比较便宜，这个普通款比较便宜。需要求没那么高，所需要求没那么高，所以就这款性价比较高性价比较高，物美价廉，推荐购买，物美价廉推荐购买，而且快递很快，快递很快。,5,2022-08-24 14:59:04
18045346584,新规定出来了，交警查的更加严格了，也是对自己的安全考虑，所以买了这个头盔，质量很好，外观时尚，带了大小合适，帅气，加上竹蜻蜓，更萌了。,5,2022-09-10 23:13:12
18045350907,给老婆买的，发货很快，包装很完整，质量很好，带着大小合适，外观时尚，加上竹蜻蜓，又好看又萌，老婆很喜欢，开车都带着她，希望越来越好。,5,2022-09-10 23:15:09
17736159895,帽子质量挺好的，一次买了两个。,5,2022-07-04 13:46:51
17917024227,头盔质量很好，物美价廉，颜色也好看，一次买了两个，这个价钱能买到这样的头盔值了,5,2022-08-15 20:18:50
15821567769,不错不错 基本上戴上不用怕太阳照眼睛了 戴起来也不闷 而且没有哪些好评返现一些有的没的 好评,5,2021-06-17 15:37:07
18919530248,"东西质量非常好，与卖家描述的完全一致，非常满意,真的很喜欢，完全超出期望值，发货速度非常快，包装非常仔细、严实，物流公司服务态度很好，运送速度很快，很满意的一次购物，五星好评推荐购买",5,2023-03-20 08:17:15
17986394059,同款头盔，买2个.一个好，一个不好，客服解释说生产过程无法避免的，搞笑。,5,2022-08-30 11:05:21
19002270060,头盔有一定的重量，质量还可以，满意,5,2023-04-08 18:10:49
16001644351,买了这款头盔，特意用了一段时间再来评价，说实话，这款头盔比起以前的头盔好太多，首先头盔戴起来特别舒服，而且可以防雨防晒，一次满意的购物,5,2021-07-18 12:35:06
17454474164,塑料垃圾。不透气，划痕多。同价位，这家差太多。退货，客服不理！,5,2022-05-06 13:50:21
19057793973,质量好，透明看得清楚，头盔带得舒服，透气，美观。,5,2023-04-26 13:21:45
18549251055,货真价实，高颜值，高品质，一分钱一分货，材质外观和质量一看就很上档次，非常喜欢???????????是正品，信赖商家，宝贝质感很好，价格也适中，无限回购！,5,2022-12-16 18:30:41
17910429036,料厚结实，做工很好，前有通风孔，夏天骑车时打开很凉快，后面有闪光灯，更安全,5,2022-08-14 10:58:45
18897064843,宝贝收到了很满意，头盔质量很好戴着很合适很好看，手感也不错。,5,2023-03-14 11:12:56
15670850988,非常的不错，戴着大小合适，物美价廉，物流速度，总之很赞！,5,2021-05-14 11:47:58
17736050009,挺重的，和摩托头盔有一拼，厚实，内圈黑色也是一层硬质的东西，带有反光条，夜间应该更安全，包装有点简单，就一个纸盒子，没有填充物，店家也不怕挤坏了,5,2022-07-04 13:21:49
17580788416,头盔收到了，劝各位谨慎下单，我是无语了，黑的他能给你说成白的，反正他都有理就是了。谨慎踩雷啊,5,2022-06-04 12:20:35
17854201985,第二次购买了，质量很好，非常值得购买,5,2022-07-31 18:09:51
15795820961,不得不说这是一个挑不出毛病的产品，虽然做工没那么精细，但是边角处理的很好，不会划手，下巴那处理的非常好，不勒脖子，里面比外面要做实，给个赞,5,2021-06-12 09:02:00
17637120542,非常好美观，结实，回头率超高,5,2022-06-15 11:35:53
18594773443,发货快，包装严实，商品质量非常好，比专柜便宜很多，客服服务态度也特别好，好评这个颜色很喜欢，摸起来质感不错，百搭～包装也很大气，用来送人的话也是不错的选择,5,2022-12-23 15:22:18
16273211439,很好，物流很快，东西很给力，性价比很高！好！非常好！质量好，和实体店一样，颜色正，是我喜欢的宝贝收到咯??，真的很棒呀！?质量真是没话说，非常满意！?开心开心?感觉实物比图片更好看，价格和质量成正比，这次购物非常满意，喜欢的宝宝赶紧下手,5,2021-09-08 22:52:18
17903575174,带上舒服，颜色也好看，很喜欢。,5,2022-08-12 19:12:29
18345924381,收到后立马试戴，非常满意，大小合适，安全舒适！,5,2022-11-07 14:23:24
18808427668,做工精良，质量不错！款式也好看，值得购买！,5,2023-02-20 12:50:41
19018218189,头盔收到了，颜色很喜欢，质量很过关！,5,2023-04-13 12:25:11
17842180778,质量很好，很硬，物流速度也快，建议购买！还有一个竹蜻蜓的小赠品，很萌很可爱！京东一如既往值得信赖！感觉这个比我以前买的同价位的质量要好,5,2022-07-29 05:42:44
16099152320,不错?看起来棒棒的，快递也很快&hellip;&hellip;,5,2021-08-06 16:27:50
17808942910,物流很速度，包装挺好，对比了好几个款式才决定好了这个，性价比很不错，特用了一周来评价的，使用也起来很满意，不错的一次网上购物体验，点赞！,5,2022-07-21 21:02:07
15787142323,款式不错，设计的可以，安全性怎么样还不知道，头盔内的东西可以拆下来，方便清洗，头盔上面还有透气孔打开之后还挺凉快的，不错，这个价位对的起了。满意！,5,2021-06-10 09:12:44
16056743528,头盔挺不错，就是夏天太热了，实在不适合戴头盔，如果不是市区查一盔一带，我是肯定不会戴这个玩意儿的，压的发型都没了，重重的，害  ！！！,5,2021-07-29 21:51:45
18956083524,物流很快，包装完好，款式很好，材料厚实，挡风清晰！,5,2023-03-29 08:25:22
17853296843,帽子质量非常好，商家发货快，五星,5,2022-07-31 15:12:23
19027965611,整体很满意，就是尺寸稍微有点小，感觉有点紧，其余的很好，而且细节做的也不错，先试用。,5,2023-04-16 20:02:16
18455264688,头盔太小了，带进去很紧，夏天都得贵里面都是泡沫不值，这个价,5,2022-11-29 16:25:52
19016252151,头盔质量不错，颜色很好看,5,2023-04-12 18:11:03
19040707124,这款头盔比实体超市里的性价比高，大小尺码，和设计制造都很合理，带上不会来回的晃，如果能把束带完善一下，那就更好了，一下就能固定到合适的位置。,5,2023-04-21 08:09:48
18337243631,用了一段时间，大小合适，重量适中，整体还不错。戴起来很酷。。。,5,2022-11-05 22:02:30
18932974225,"还不错，头盔质量比买车送的好多了，不愧是3c认证的。
不过呢，这个头盔有点重，质量不错。",5,2023-03-23 13:24:59
18951806689,物超所值，非常满意，期间有点小插曲，店家细致周到的服务让人很感动，祝生意兴隆，还会再来,5,2023-03-28 10:24:14
17982354286,此用户未填写评价内容,5,2022-08-29 14:38:37
17495608318,货品质量还可以，戴上头都舒服，物流都快，还满意。,5,2022-05-15 19:12:27
18978704177,宝贝收到了，太惊喜了，质量非常好，性价比很高，真是出乎我的意料！不得不赞，质量真的好，包装物流也不错。真心喜欢，入手后不会让你后悔的！,5,2023-04-02 19:33:30
16155831687,顺丰快递就是快，16号下午下的单，18号早上就收到了。质量超棒的头盔，外观好看时尚，大小正合适，安装也比较简单，配戴舒适，茶色镜片，夏天烈日下遮光性很好，再也不怕晒了，后面还带着反光条，晚上骑车也很安全。下雨天和雨衣绝配，遮风挡雨防尘效果也好。非常满意的一次购物。,5,2021-08-18 12:42:25
17998488086,头盔还可以，挺好看的，对于我有点小，还可以，我老婆带着正好,5,2022-09-01 18:17:43
17706289058,很实用很酷的一款摩托车头盔，设计很时尚，黑色很纯正，顶部有透气孔，后部有反射片，面罩调节很方便，尺寸大小可自由调节，设计整体上简约大气！,5,2022-06-27 20:18:20
17518172283,不容易啊，一个头盔因为疫情等了两个月零五天才收到，拿回来试了试马马虎虎还行，感觉帽子有点小，要不然就是我头有点大，碰到疫情也没办法，只能理解一下了,5,2022-05-21 09:48:17
15838922070,助动车带头盔的新规**后，第一时间就买来给孩子带上、试用了一段时间才来评价。带着挺合适的，透气不闷，图案也是孩子喜欢的。不错，五星好评！,5,2021-06-20 13:13:04
19043456858,之前买的电动车送了一个头盔，质量真的是太差了，所以买了这款头盔，颜色比较好看，质量也很不错，戴上很合适，商家态度也很好，物流很快，好评！,5,2023-04-22 06:12:54
17555247749,骑乘电动需要佩戴安全头盔，在京东上左挑右选选择此防护帽，材质是工程塑料、尺寸大小合适，60cm，做工质量有保障，而且价格挺实惠，值得入手购买。,5,2022-05-29 21:03:45
18239191298,收到货，第一时间拆包装，感觉质量还是比较好的，与卖家描述的还是一致的，非常满意，发货速度比较快，物流公司服务态度很好，运送速度很快，总的来说这次是很满意的一次购物，,5,2022-10-19 21:45:21
17830196255,终于收到我所需要的宝贝了，东西很好物美价廉，无论是店家的态度还是物流我都非常的满意，客服很专业热情，有问必答，会很细心的解答。,5,2022-07-26 17:21:05
17400632247,坚固实用，款型耐看，手感不错。,5,2022-04-23 00:57:26
18518052858,款式特别好看，质量特别好。,5,2022-12-12 17:49:58
19096566380,还行，骑车戴头盔，安全你我他,5,2023-05-09 17:41:47
17749479421,头盔收到，质量感觉不错，做工比较好，涉及的比较炫酷，半盔，有透气孔，适合夏天带，前边有大镜片可以遮挡强光，松紧可以调节，大脑袋也带着没问题，比较满意。,5,2022-07-07 14:58:53
17623876199,这款头盔带起来帅氣，很漂亮我很喜歡。,5,2022-06-12 20:24:47
16483962228,头盔好看，价格实惠，用了一段时间，再来评价，个人觉得头盔非常帅气,5,2021-10-19 09:59:12
17571105336,产品的实物与图片描述的情况完全一样！产品的材质和制作工艺无瑕疵，没有刺激的气味！产品的设计符合国家3c安全标准，透气性好，散热强，保护性好。,5,2022-06-02 12:22:31
16122384926,头盔外观设计漂亮，摸上去很有质感。头顶油设计透风的，夏天骑应该凉快的。主要是卡扣的带子很结实，这个很重要，安全第一！！！,5,2021-08-12 10:23:55
19084440181,还是带上头盔比较安全 警察叔叔也经常查 一次很好的购物体验，服务周到，物流快速，配送也很周到，态度也很好，物有所值啊，果断好评！,5,2023-05-05 15:15:26
18190029705,头盔质量很好，做工精细，戴着舒服，很满意。,5,2022-10-09 22:49:22
19078645554,大小合适，做工精良，出口品质，最满意的一次淘货，很喜欢，下次会再来！,5,2023-05-03 16:19:56
17820703864,很棒的一款头盔，戴着的时候我以为我可以接受所有的一切了，太棒了，戴着十分舒服，耳朵也好，不拉耳朵，特别棒，给人很酷的感觉。，,5,2022-07-24 18:22:19
17744906612,头盔收到一段时间了，也戴了一段时间，男女通用，刚刚好，外观也挺时尚，小巧秀气，男的戴也很合适，主要是价格也很实惠，不错，值得购买,5,2022-07-06 12:59:03
18880825274,给俺的小电动车穿上衣服了&hellip;还蛮合身滴，主要是材质不错，正好这几天下雨了，看到防雨的效果也不错，也比较高端大气，可以高兴滴放心使用了，哈哈,5,2023-03-10 17:29:18
17700459446,头盔质量非常好，款式也好看，出门在外，安全最重要，头盔这种东西一定不能图便宜，选择质量可靠的产品很重要，总之很满意，有需要还会再来,5,2022-06-26 16:41:23
18497580974,太棒了，物超所值，非常棒,5,2022-12-09 00:56:53
17820709665,舌根十分必要的时候就可以接受了，太棒了我真的很喜欢这个，带着不紧耳朵，感觉我已经开始准备好迎接夏天到来啦，戴着很酷，有感觉,5,2022-07-24 18:20:44
15634798318,不错，,5,2021-05-05 07:54:35
18385298694,突出了一个小东西那个镜子就是上不去，手都扣出血了。,5,2022-11-14 09:24:55
18420790073,质量非常不错，美观，很喜欢。,5,2022-11-20 23:19:11
17767701767,头盔样式很好看，奶白色，男女都可以戴，感觉也挺结实，但不重，戴在头上很轻便，内部头套可调整大小，适合各种头型的人，挺不错的。,5,2022-07-12 07:28:11
17756117764,头盔已经收到，质量来说还是相当不错的。手感和质感也很不错。戴上去感觉也很好。宽松一点，头部内卡的也没有不适感，整体感觉很好。,5,2022-07-09 09:58:38
18312689115,外形挺酷的，不知道保护作用怎哦样,5,2022-11-01 15:14:04
18048441053,头盔收到了，非常惊艳质量很好，颜值也高，买之前看评论好才下手的，果然没有失望喜欢?，以后有需要会再来的。,5,2022-09-11 18:13:44
18838283856,"是理想中的产品，质量不错，物流也很快，值得点赞
头盔很好看，戴着很舒服，也很时尚，很喜欢。
物流很快，昨天下单，今天就收到了，还没用，先给好评！",5,2023-02-28 16:31:39
19038653722,看着质量挺好的 看着很重 但是重量是特别轻 戴在身上比较舒服 就是现在一看降价了几块钱 一共买两个 给家人戴 骑车应该不会被查了,5,2023-04-20 13:23:29
17768470961,头盔质量非常不错，性价比非常高，外观也蛮好看的。从下单到收到快递比预想的快，买来骑电动车，佩戴还蛮舒服，也比较方便，好评！,5,2022-07-12 11:12:08
18556060359,口味爆赞，包装干净，配送及时！值得推荐,5,2022-12-17 16:12:12
18171131589,材质可以，比较厚实，很结实，颜色也很正,5,2022-10-06 09:13:19
17789902243,此用户未填写评价内容,5,2022-07-17 12:49:51
16123666463,特意带了几天才来评价，质量真的很好，带上酷酷的，很拉风，物流也非常快，包装完整，关键是在京东上购买，可以用京豆抵扣，真的很实惠。好评！,5,2021-08-12 14:29:45
17644903204,安装方便，质量不错，有点酷。,5,2022-06-16 21:25:31
17602543245,帽子很不错，客服也很nice，第一次发错了颜色，联系过后立马就重新发了,5,2022-06-08 16:17:47
18400827889,头盔质量不错，3c认证的，需要的话还会回购的。,5,2022-11-16 20:31:20
18116593434,头盔收到了，挺好看的，戴起来也很方便。在京东买东西，速度很快,5,2022-09-25 14:48:17
15974255154,第一次买头盔，实物和图片一致，带在头上感觉很好，很紧，很扎实,5,2021-07-12 19:17:42
17524665331,怎么说呢，颜值是没的说。我们这边是不是太热的原因，我觉得这款只适合春秋用，夏天戴太热了。做工还行，就是稍稍有点味道，放一段时间就好了。,5,2022-05-22 18:47:38
18941759696,第一次购买电动车头盔，不知道这个品牌怎么样，安全性能可靠性高不高，明天开始使用，颜色还是想象中的那么好，喜欢黑色素调，期待着好的效果。,5,2023-03-25 21:17:55
18208012443,一如既往的支持京东 喜欢 质量很好,5,2022-10-14 08:17:30
17926952386,"从下单到到货很快！
挑了几家，对比了最后选择这个，喜欢这红色！
头围可调节，使用很方便的！
选择短镜的电动车上使用，已介绍给邻居。",5,2022-08-18 10:12:48
17513427079,头盔挺好看，媳妇挺喜欢，买的3C认证款，质量有保障，戴上挺舒服！价格实惠！黑色镜夏天遮挡阳光，也可以单独再买个白色透明镜替换！很满意！,5,2022-05-19 23:20:04
16460615040,头盔是保护头部的装具，是军人训练、作战时戴的帽子，是人们交通中不可或缺的工具。它多呈半圆形，主要由外壳、衬里和悬挂装置三部分组成。外壳分别用特种钢、玻璃钢、增强塑料、皮革、尼龙等材料制作，以抵御弹头、弹片和其他打击物对头部的伤害。这个还好,5,2021-10-14 15:39:53
18464161615,电动车头盔男四季防晒防雨电瓶车头盔女士夏季哈雷头盔轻便式半覆式安全帽四季通用半盔防晒夏天灰色黑茶中均码不错的一款头盔，算得上一款物美廉价，做工不错，款式较为新颖的头盔，戴着较为舒服，黑色是我喜欢的色系。,5,2022-12-01 21:33:37
18945213179,第二次买你家的了，第一次要不是因为偷了我能用到我的小毛驴报废(??益?),5,2023-03-26 20:01:36
17716569191,一次买了两个，这个颜色很漂亮，做工精细，扣带结实而且设计合理，帽子的材质很厚实，物流很快，包装很好，客服服务很热情，很满意,5,2022-06-29 23:38:50
17840860999,外观好看，质量不错，而且自带的墨镜十分好用，十分推荐。,5,2022-07-28 21:02:58
18220835942,脑后不是圆形那种，但是有分量，证明质量不错，买了两个,5,2022-10-16 16:05:11
17739726520,此用户未填写评价内容,5,2022-07-05 09:59:31
18997074830,东西收到，很满意！！京东平台真的是超级好的卖家，解答疑问不厌其烦，细致认真，关键是东西好，而且货物发得超快，包装仔细，值得信赖！,5,2023-04-07 12:21:52
18937328765,精挑细选很久?，最后决定买这一款?，到货后果然没有让我失望，实物很漂亮?，做工很精细?，特别满意?，可真不错，比那些要好多了,5,2023-03-24 15:05:09
19052440213,宝贝收到啦，实物真的好看，价格非常实惠，强烈推荐这款，超级喜欢,5,2023-04-24 16:47:59
18407466948,质量非常好吧，很有质感,5,2022-11-18 07:42:05
18473653841,让我们先说说商品的质量：产品总体上是好的，包装很紧。让我们来谈谈商家服务：喜欢它。最后，快递：快递非常快。毕竟，廉价商品更真实。我希望商店能提供更多的~，及时通知老客户，并促进回购。祝你生意兴隆。,5,2022-12-04 12:25:43
17936936498,做工非常好，老板人也不错，值得信赖，二次购买。,5,2022-08-20 12:51:51
17776400156,不错，抗撞击，保护了孩子！建议面罩用软质材料，不容易碎！,5,2022-07-14 11:05:19
18743822782,不错！性价比超高的一款头盔。外型也比较好看，坚固。内部的话看着得质量较好。商家还细心的送了三片反光条。赞！,5,2023-02-02 19:31:54
19079200796,头盔质量杠杠的，戴着很舒服透气性很好，很喜欢很轻巧不重 价格实惠喜欢的快去入手,5,2023-05-03 19:22:16
17806147609,非常好用，颜色漂亮，戴起来舒服，尤其是后面有反光板 ，灯光照射下可以被发现，起到反光警示作用，前挡风遮雨板非常方便拆卸，物美价廉，经济实惠，活动买的价格美丽，支持京东商城，支持国货精品店，谢谢！,5,2022-07-21 10:03:19
17789177153,头盔买来第二天就戴上了，质量不错，儿子说很飒,5,2022-07-17 10:13:20
16094958394,物流速度很快，也是我需要的那种款式，戴上感觉挺舒服的，一点也不闷，感觉还不错，大小正合适，总之很满意的一次购物,5,2021-08-05 19:40:11
19010809615,还行吧，夏天到了，下雨比较多，少不了伞，常备着，这个价格相对优惠点，还行啊，这个价格也算合理吧，有用没用的，头盔市，必须要带,5,2023-04-11 09:30:21
18899730982,?已经多次购买了，家庭必备，购买价格实惠，送货速度很快，?包装也很精美,5,2023-03-15 09:01:39
19066497518,头盔很漂亮，戴在头上也不重，但是戴眼镜的话，前面的面板有可能会不方便拉下来，只能不用，总的来说，还不错，现在新的条例一出，不戴头盔要罚款。,5,2023-04-29 09:44:23
15750353867,已经收到了，用了好几次了，还不错，后面的有点短，夏天会比较晒一些，外出需要穿件防晒衣带帽子的可以护下脖子，材质做工也不错?,5,2021-06-02 16:55:50
17875798889,我听歌听了三年，几十块钱的会员我开了三年，房子开没了，家被我开垮了，现在好不容易有了好歌，你们非说他搞黄色，他搞不搞黄色我能不知道吗，这歌才这么点播放量，黄贩子根本不赚钱,5,2022-08-05 18:29:38
18825328086,质量还是不错，就是挡风面板设计缺陷，有个凹槽，戴在头上眼睛不能聚焦，会散光。,5,2023-02-25 09:40:30
17558646931,很好很满意，看起来还是比较显得高档的，特别满意的一次购物，以后还会回购的，物流也很快，感谢店家提供的优质服务，会介绍给其他朋友,5,2022-05-30 18:03:00
17389852774,东西还可以，就是这个配送时间太久了，14号下的订单，20号中午才收到，韵达快递太耽误事了，不建议以后选用韵达快递了，一点都不靠谱，耽误事,5,2022-04-20 14:43:05
19103785400,很好，物美价廉，大品牌值得信赖，有需要还会再来！！！,5,2023-05-12 08:37:32
19103880992,戴着很轻巧茶色面罩防晒保护眼睛，外壳弹性好防护力强。,5,2023-05-12 09:21:31
19085962052,质量不错，有认证的，带起来也刚好，最近蜀黍查得严，安全第一，得赶紧带起来呀,5,2023-05-06 00:47:20
19006450769,大品牌值得信赖，质量很好，趁着活动买，非常炫酷，一如既往地好，一直在京东上买东西，物美价廉，相信它的质量，下次再来！！ ！,5,2023-04-09 18:29:08
17369483684,头盔质量不错，带子系上一边较松一边紧,5,2022-04-15 15:13:03
19099697204,日常出行，颜值很好的头盔，防护效果杠杠滴，质量不错，实用性很高，值得入手,5,2023-05-10 18:32:14
18918160658,造型挺好看，就是感觉有点重，可能还是没习惯戴头盔，还有一点就是这个护目镜感觉稍微有点短了，卡在眼睛中间，要是再长一点就好了！！！,5,2023-03-19 21:15:18
17466651748,现在骑行是越抓越严了 抓到了 就是20元还是买个靠谱的吧 不然多不好 选了很久 选择了 这款 看起来不错 说是三c认证  希望耐用,5,2022-05-09 10:18:09
18001978512,"快递很快，
一天就到了。头盔质量很不错物有所
值。而且头盔背后很贴心的还有反光镜。晚上骑
车方便多了。不错，5分好评。",5,2022-09-02 11:46:54
18001963139,"快递很快，
一天就到了。头盔质量很不错物有所
值。而且头盔背后很贴心的还有反光镜。晚上骑
车方便多了。不错，5分好评。",5,2022-09-02 11:45:32
18293551148,质量还可以，试戴也不错,5,2022-10-28 11:04:30
19012450252,质量很好，3c认证，很不错的一款头盔，很合适，安全性很好，发货速度很快，价格也很实惠，很满意的一次购物，非常值得推荐。。,5,2023-04-11 15:11:59
17296882540,第二次回购了，头盔很坚固，保卫安全，魔术贴设计合理，各种头围都合适。儿子好喜欢送的那个小风车?头盔重量也不是很重，挡风罩设计得也安全好看。,5,2022-03-26 15:50:08
18396745763,包装很好，颜值不错，质量也没有问题很快就到了，全新正品，宝贝收到后很满意，外形颜色也很喜欢，挑选好多家，果然没看错，希望把好物分享给大家,5,2022-11-16 07:20:51
18010414102,做工看起很不错，挺厚实，安全性很高，,5,2022-09-03 21:27:38
17873753404,头盔外壳坚固，样式新颖，若再放大一些则更好。,5,2022-08-05 09:49:11
18721714126,头盔不错，挺好的。点赞,5,2023-01-25 15:03:20
18945471629,这个帽子稍微有点重 戴着很舒服 很有弹性 就是戴好后总是觉得带子松松的 卡不紧 不过戴久了就习惯了 现在也无所谓了 能戴就行,5,2023-03-26 20:51:21
18945469888,这个帽子稍微有点重 戴着很舒服 很有弹性 就是戴好后总是觉得带子松松的 卡不紧 不过戴久了就习惯了 现在也无所谓了 能戴就行,5,2023-03-26 20:50:36
18945453635,这个帽子稍微有点重 戴着很舒服 很有弹性 就是戴好后总是觉得带子松松的 卡不紧 不过戴久了就习惯了 现在也无所谓了 能戴就行,5,2023-03-26 20:49:33
17772468734,老爸非常喜欢，骑车安全有保障。,5,2022-07-13 10:38:38
18450223052,收到的头盔我感觉质量挺好的，设计的也很好，可以调节大小，还有可拆卸的帽顶里层，还是3C认证的。,5,2022-11-28 11:05:55
17836442412,非常漂亮的一个头盔，质量非常好！安全！够硬度！,5,2022-07-27 22:05:09
18994460637,物超所值，非常满意，店家细致周到的服务让人很感动，祝生意兴隆，还会再来。头盔设计非常时尚，材质很好，值得购买，不会后悔的,5,2023-04-06 14:19:59
18204109460,厚重，三c认证安全可靠。,5,2022-10-13 11:18:15
17916970713,期待已久的头盔，希望以后下雨天或者大太阳能够帮我遮风挡雨吧。,5,2022-08-15 20:04:15
17756933995,前边儿那个防风镜还是挺好用的，就是个人头围比较大，所以感觉这个头盔还是有点儿小了，戴着的时候会有一点儿紧，而且调整起来也没那么方便,4,2022-07-09 12:45:12
19046620778,应该出一个说明书，然后，这个镜片的问题，白色的我没有看黑色，就这个问题啊！,5,2023-04-23 08:41:17
18950289876,外观很好看，质量很不错，物美价廉，还附赠了一个防眩光镜片，很实用，正好今天开始刮风了，镜片还可以防风，非常巧合，必须点个赞,5,2023-03-27 19:02:46
16779437405,非常好用，颜色漂亮，戴起来舒服，尤其是后面有反光板 ，灯光照射下可以被发现，起到反光警示作用，前挡风遮雨板非常方便拆卸，物美价廉，经济实惠，活动买的价格美丽，支持京东商城，支持国货精品店，谢谢！,5,2021-12-07 10:49:58
17561349264,"大小也是合适的。里面是红色的。   商家态度也挺好
    头盔颜值还是很到位的",5,2022-05-31 12:10:07
18678228613,"现在都用电动车，头盔必不可少。
买款女性实用的头盔，样子还不错，颜色柔和。
使用时还比较舒适，就是扣子不是太便捷，还有提升的空间。
整体还可以。",5,2023-01-10 19:51:58
18857168757,买的是3C版的，外观和图片一致，确实很漂亮，半盔的，不堵耳朵，和我想要的一样，值得购买！,5,2023-03-05 13:38:45
19026699484,不得不赞，头盔质量真的好，包装物流也不错。真心喜欢，入手后不会让你后悔的！,5,2023-04-16 12:33:30
18086406825,很不错的头盔，已经是回购了！,5,2022-09-19 20:16:55
17913012778,物流速度快，顶部有排气通风的设计，帽子后面有夜间反光灯，多段的调节松紧插销。还送小配件，挺好看的！,5,2022-08-14 21:41:17
17913010561,物流速度快，顶部有排气通风的设计，帽子后面有夜间反光灯，多段的调节松紧插销。还送小配件，挺好看的！,5,2022-08-14 21:40:54
16445763611,完美，产品很惊艳，性价比合适，希望用的长久！?已经多次购买了，家庭必备，购买价格实惠，送货速度很快，?包装也很精美第一次在网上购买，也是看评价才买的，质量还不错，也很便宜，有需要的朋友可放心购买?已经多次购买了，家庭必备，购买价格实惠，送货速度很快，?包装也很精美?已经多次购买了，家庭必备，购买价格实惠，送货速度很快，?包装也很精美,5,2021-10-11 09:54:09
19022205673,头盔收到了，做工精致，外观漂亮，且大小可调，很喜欢，物有所值，给商家点赞。,5,2023-04-14 18:51:38
17445785153,夏天了，还得买个夏盔，挑中了这款，给老公选的，到了质感不错，比楼下超市卖的20块钱的好一些，老公说戴着挺舒服的，不卡脑袋，好评,5,2022-05-04 13:34:53
18145506216,戴上挺好看，挺有安全性。,5,2022-10-01 08:25:21
19094736759,好用，戴起来很舒服，上面有开气孔，夏天带也不热,5,2023-05-09 05:30:29
18832946310,还可以，挺不错的，骑摩托车还是要戴头盔比较好，毕竟命只有一条，再也不用怕骑在路上被罚款了，有了头盔安全感满满，真的还不错，推荐！,5,2023-02-27 14:13:48
18149589141,头盔质量不错，选的粉色实物颜色更漂亮，光泽度很好，没有异味，材质比较放心，里面很柔软，戴上很舒适，围脖加绒，毛毛很暖和，也可以拆下来，比较方便，这样冬天骑车再也不怕冷了，价格也比实体店实惠，真是买的很值。,5,2022-10-02 06:13:31
18141918205,头盔质量不错，选的粉色实物颜色更漂亮，光泽度很好，没有异味，材质比较放心，里面很柔软，戴上很舒适，围脖加绒，毛毛很暖和，也可以拆下来，比较方便，这样冬天骑车再也不怕冷了，价格也比实体店实惠，真是买的很值。,5,2022-09-30 13:08:09
18097086716,头盔收到了，质量不错，卖家发货特别快，非常满意,5,2022-09-21 20:20:04
18843306455,不太爱评价，但这个是真的棒！质量很好，做工细致，包裹很严实，快递服务态度好，绝对好评！,5,2023-03-02 07:00:07
17321327557,非常结实的头盔，价格也是非常实惠。形状戴着也非常好看。有型。。。头盔后部还有反光条，可以说是设计的非常贴心了。物流也是非常快。非常满意。,5,2022-04-01 20:42:48
18980553648,?终于对它下手了，颜值是真的没话说?，材质很好，物美价廉，趁活动赶紧囤起来,5,2023-04-03 12:32:23
17780639532,头盔质量不错，比较硬实，头顶还有通风孔，夏天带着也不闷，值得购买,5,2022-07-15 12:18:55
17806852565,比较厚实，看着质量不错，就是尺码有点小，放到最大，还是有点紧，换的话怕麻烦，与客服人员联系了一下，只有机器人，凑合着用吧。,5,2022-07-21 12:33:35
17452137518,再次回购，18年的小白该休息了，换个小黑保驾护航，有分量，证明材质合格，值得信赖。,5,2022-05-05 21:30:43
19094341981,宝贝收到了，太惊喜了，质量非常好，性价比很高，真是出乎我的意料！,5,2023-05-08 21:53:31
17830629337,整体感觉好价格也便宜，就是镜片不太灵活，估计新的，用用就好了,5,2022-07-26 18:08:30
18441235039,自用，质量还行，戴着挺合适,5,2022-11-25 18:56:18
19011342009,重量适中，头盔很有质感，后面带反光标识，更安全。前后有透气孔，带起来骑行也很透气，扣子很舒适，不磨脸。,5,2023-04-11 12:18:30
19102365964,有**认证用着更安心，质量明显比线下电动车店里的塑料头盔质量好,5,2023-05-11 17:09:05
18892345380,摸上去感觉质量还可以,5,2023-03-13 12:16:03
18892345232,此用户未填写评价内容,5,2023-03-13 12:14:44
19097970762,终于买到满意的商品了，超出期望，非常喜欢，身边的人都问我要链接,5,2023-05-10 08:52:20
18073673485,头盔还行，轻巧便利，颜值也是在线，后面还配了个反光条，大小可以随时调节。质量对的起价格，耐不耐摔还不知道，从外表看挺抗揍的。,4,2022-09-17 10:46:09
19095075484,发货速度很快，东西包装的很好，价格优惠，我很满意?，还会回购,5,2023-05-09 09:30:09
19017044737,宝贝收到，物流很快，描述相符，比较满意，好评，推荐,5,2023-04-12 22:46:20
18067695894,物美价廉，感觉还不错?,5,2022-09-15 21:54:30
18099847956,?终于对它下手了，颜值是真的没话说?，材质很好，物美价廉，趁活动赶紧囤起来宝贝非常棒，是自己想要的那种风格，到货也很快，谢谢老板，服务五颗星,5,2022-09-22 11:23:54
14057042063,商品收到了，一黑一白两个头盔，调试完了，样式好看，质量很好，价钱还不贵，很满意！谢谢商家物流和快递小哥，妥妥的五星好评！,5,2020-04-20 14:26:36
18823370878,头盔收到了，很不错。头盔很轻，带起来没有那种沉重感，设计的也很漂亮，很好看。操作简单，骑车必备。而且价格也很实惠，挺不错的。,5,2023-02-24 14:56:48
18664721056,宝贝收到了，很惊喜，质量非常好，很满意的一次购物。我会继续回购的，店家值得信赖,5,2023-01-07 18:13:29
17257364887,设计合理，重量适中，适合这个价格,5,2022-03-16 10:19:14
18429105548,质量不错，款式简单大方。,5,2022-11-22 19:20:27
15501361649,看了很多店家，经比较定下这家 。发货速度快、质量不错、无异味、佳廉物美、值得购买。,5,2021-04-05 14:39:45
19091400377,性价比高，质量好，还可以调大小，下次需要还会来，值得推荐！！,5,2023-05-07 21:47:29
18729224711,特别满意，够结实，也美观好看。,5,2023-01-28 23:37:49
19069267337,质量非常好，安全性能高。。。，是一款非常不错的头盔???,5,2023-04-29 22:30:28
19046205271,头盔材质很不错，很结实，带上不累头，挺舒服的,5,2023-04-22 23:06:45
17598684026,好好好，呆着舒服，正好合适，很好的一次购物体验。,5,2022-06-07 19:50:40
19001962443,质量看起来很不，戴起来很好看。结不结实后期在看。,5,2023-04-08 17:19:57
19096336760,戴上这个头盔就是这条街最靓的崽，很好看，而且很厚安全感满满,5,2023-05-09 16:27:08
19019248172,这头盔必须得给个好评，比我原来那个永久强太多了,5,2023-04-13 18:22:39
17304223455,细节非常完美，整体来说真的很不错。性价比很高，下次还会继续光顾！安全帽在骑行来说是必不可少的安全了！简约 质感都非常好这款帽子,5,2022-03-28 14:34:25
19020807310,发货很快，物流很快，商品很不错，材质很好，做工精细，造型时尚简洁，功能设计合理，卖家服务也很好，有问必答耐心细致，官方自营，京东品质值得信赖，价格不贵，性价比挺高的，优惠力度也很大，总体上是非常满意的产品，也是非常满意的购物。,5,2023-04-14 10:42:38
18726506423,得好用，份量够重，不会像路边买的用不了几天就裂，安全系数没问题，很好,5,2023-01-27 22:10:55
